Book Id,Title,Author,Author l-f,Additional Authors,ISBN,ISBN13,My Rating,Average Rating,Publisher,Binding,Number of Pages,Year Published,Original Publication Year,Date Read,Date Added,Bookshelves,Bookshelves with positions,Exclusive Shelf,My Review,Spoiler,Private Notes,Read Count,Owned Copies
25812847,The Silk Roads: A New History of the World,Peter Frankopan,"Frankopan, Peter",,"=""1408839970""","=""9781408839973""",0,4.17,Bloomsbury,Hardcover,636,2015,2015,,2025/06/29,to-read,to-read (#339),to-read,,,,0,0
840,The Design of Everyday Things,Donald A. Norman,"Norman, Donald A.",,"=""0465067107""","=""9780465067107""",0,4.15,Basic Books,Paperback,257,2002,1988,,2025/06/29,to-read,to-read (#338),to-read,,,,0,0
208430658,Blood Over Bright Haven,M.L. Wang,"Wang, M.L.",,"=""0593873351""","=""9780593873359""",0,4.38,Del Rey,Hardcover,430,2024,2023,,2025/06/27,to-read,to-read (#337),to-read,,,,0,0
43263680,"Ninth House (Alex Stern, #1)",Leigh Bardugo,"Bardugo, Leigh",,"=""1250313074""","=""9781250313072""",0,4.01,Flatiron Books,Hardcover,461,2019,2019,,2025/06/27,to-read,to-read (#336),to-read,,,,0,0
18077903,"Creativity, Inc.: Overcoming the Unseen Forces That Stand in the Way of True Inspiration",Ed Catmull,"Catmull, Ed",Amy    Wallace,"=""0812993012""","=""9780812993011""",0,4.21,Random House,Hardcover,368,2014,2014,,2025/06/24,to-read,to-read (#335),to-read,,,,0,0
220707611,Rio de Janeiro (Ten Moments That Shaped),Bryan McCann,"McCann, Bryan",,"=""1009012045""","=""9781009012041""",0,0.0,Cambridge University Press,Paperback,325,2025,,,2025/06/19,to-read,to-read (#334),to-read,,,,0,0
176443453,Greta & Valdin,Rebecca K. Reilly,"Reilly, Rebecca K.",,"=""1668028042""","=""9781668028049""",0,3.93,Avid Reader Press / Simon & Schuster,Hardcover,352,2024,2021,,2025/06/15,to-read,to-read (#333),to-read,,,,0,0
6232657,A Mathematician's Lament: How School Cheats Us Out of Our Most Fascinating and Imaginative Art Form,Paul  Lockhart,"Lockhart, Paul",Keith Devlin,"=""1934137170""","=""9781934137178""",0,4.22,Bellevue Literary Press,Paperback,140,2009,2009,,2025/06/12,to-read,to-read (#332),to-read,,,,0,0
722412,The Dream Machine: J.C.R. Licklider and the Revolution That Made Computing Personal,M. Mitchell Waldrop,"Waldrop, M. Mitchell",,"=""014200135X""","=""9780142001356""",0,4.55,Penguin Books,Paperback,512,2002,2001,,2025/06/11,to-read,to-read (#331),to-read,,,,0,0
21480734,Dataclysm: Who We Are (When We Think No One's Looking),Christian Rudder,"Rudder, Christian",,"=""0385347375""","=""9780385347372""",0,3.73,Crown,Hardcover,304,2014,2014,,2025/05/22,to-read,to-read (#330),to-read,,,,0,0
57423312,How to Read Numbers: A Guide to Stats in the News (and Knowing When to Trust Them),Tom  Chivers,"Chivers, Tom",David Chivers,"=""1474619967""","=""9781474619967""",0,4.30,Weidenfeld and Nicolson,Hardcover,208,2021,2021,,2025/05/13,to-read,to-read (#329),to-read,,,,0,0
199798096,Everything Is Predictable: How Bayesian Statistics Explain Our World,Tom  Chivers,"Chivers, Tom",,"=""1668052601""","=""9781668052600""",0,4.04,Atria/One Signal Publishers,Hardcover,384,2024,2024,,2025/05/13,to-read,to-read (#328),to-read,,,,0,0
216025168,Who Wants to Live Forever,Hanna Thomas Uose,"Uose, Hanna Thomas",,"=""1840918489""","=""9781840918489""",0,4.02,Brazen,Kindle Edition,320,2025,2025,,2025/04/12,to-read,to-read (#327),to-read,,,,0,0
41155980,Outdoor London: Green spaces and escapes in and around the capital (London Guides),Eleanor Ross,"Ross, Eleanor",,"=""0711239975""","=""9780711239975""",0,4.11,Frances Lincoln,Paperback,176,2019,,,2025/04/06,to-read,to-read (#326),to-read,,,,0,0
13006277,"Tired of London, Tired of Life: One Thing a Day To Do in London",Tom   Jones,"Jones, Tom",,"=""0753540320""","=""9780753540329""",0,4.01,Virgin Books,Hardcover,224,2012,2012,,2025/04/06,to-read,to-read (#325),to-read,,,,0,0
119028182,"A Flat Place: Moving Through Empty Landscapes, Naming Complex Trauma",Noreen Masud,"Masud, Noreen",,"=""1685890245""","=""9781685890247""",0,4.16,Melville House,Paperback,256,2023,2023,,2025/04/04,to-read,to-read (#324),to-read,,,,0,0
61871758,Spain: The Trials and Triumphs of a Modern European Country,Michael Reid,"Reid, Michael",,"=""0300260393""","=""9780300260397""",0,3.86,Yale University Press,Hardcover,336,2023,,,2025/03/28,to-read,to-read (#323),to-read,,,,0,0
3103653,Spain,Jan Morris,"Morris, Jan",,"=""""","=""""",0,3.73,,Unknown Binding,,,1964,,2025/03/16,to-read,to-read (#322),to-read,,,,0,0
553103,Conundrum,Jan Morris,"Morris, Jan",,"=""1590171896""","=""9781590171899""",0,3.90,NYRB Classics,Paperback,176,2006,1974,,2025/03/16,to-read,to-read (#321),to-read,,,,0,0
825419,Arabian Sands,Wilfred Thesiger,"Thesiger, Wilfred",,"=""""","=""""",0,4.20,Penguin,Paperback,347,1984,1959,,2025/03/16,to-read,to-read (#320),to-read,,,,0,0
18693884,How Not to Be Wrong: The Power of Mathematical Thinking,Jordan Ellenberg,"Ellenberg, Jordan",,"=""1594205221""","=""9781594205224""",0,3.95,Penguin Press,Hardcover,480,2014,2014,,2025/03/14,to-read,to-read (#319),to-read,,,,0,0
316767,The Box: How the Shipping Container Made the World Smaller and the World Economy Bigger,Marc Levinson,"Levinson, Marc",,"=""0691123241""","=""9780691123240""",0,3.86,Princeton University Press,Hardcover,392,2006,2006,,2025/03/14,to-read,to-read (#318),to-read,,,,0,0
51291,How to Lie with Statistics,Darrell Huff,"Huff, Darrell",Irving Geis,"=""0393310728""","=""9780393310726""",0,3.84,W. W. Norton & Company,Paperback,142,1982,1954,,2025/03/14,to-read,to-read (#317),to-read,,,,0,0
17910054,The Sixth Extinction: An Unnatural History,Elizabeth Kolbert,"Kolbert, Elizabeth",,"=""0805092994""","=""9780805092998""",0,4.15,Henry Holt and Co. (Georg von Holtzbrinck),Hardcover,336,2014,2014,,2025/03/14,to-read,to-read (#316),to-read,,,,0,0
36613747,How to Change Your Mind: The New Science of Psychedelics,Michael Pollan,"Pollan, Michael",,"=""0241294223""","=""9780241294222""",0,4.27,ALLEN LANE,Hardcover,480,2018,2018,,2025/03/14,to-read,to-read (#315),to-read,,,,0,0
21413849,Nothing Is True and Everything Is Possible: The Surreal Heart of the New Russia,Peter Pomerantsev,"Pomerantsev, Peter",,"=""1610394550""","=""9781610394550""",0,3.97,PublicAffairs,Hardcover,256,2014,2014,,2025/03/12,to-read,to-read (#314),to-read,,,,0,0
148639,Waterland,Graham Swift,"Swift, Graham",,"=""0330336320""","=""9780330336321""",0,3.90,Picador,Paperback,368,1999,1983,,2025/03/02,to-read,to-read (#313),to-read,,,,0,0
215362032,Stag Dance,Torrey Peters,"Peters, Torrey",,"=""0593595645""","=""9780593595640""",0,3.95,Random House,Hardcover,288,2025,2025,,2025/03/02,to-read,to-read (#312),to-read,,,,0,0
58837536,Nevada,Imogen Binnie,"Binnie, Imogen",,"=""0374606617""","=""9780374606619""",0,3.94,FSG Adult,Paperback,290,2022,2013,,2025/03/02,to-read,to-read (#311),to-read,,,,0,0
82256,The Sovereign Individual: Mastering the Transition to the Information Age,James Dale Davidson,"Davidson, James Dale",William Rees-Mogg,"=""0684832720""","=""9780684832722""",0,4.18,Touchstone,Paperback,448,1999,1997,,2025/02/03,to-read,to-read (#310),to-read,,,,0,0
15839976,"Red Rising (Red Rising Saga, #1)",Pierce Brown,"Brown, Pierce",,"=""0345539788""","=""9780345539786""",0,4.27,Del Rey,Hardcover,382,2014,2014,,2025/01/16,to-read,to-read (#309),to-read,,,,0,0
62708028,"How to Think like a Philosopher: Twelve Key Principles for More Humane, Balanced, and Rational Thinking",Julian Baggini,"Baggini, Julian",,"=""0226826643""","=""9780226826646""",0,3.93,University of Chicago Press,Hardcover,336,2023,2023,,2024/12/02,to-read,to-read (#308),to-read,,,,0,0
53487237,"A Swim in a Pond in the Rain: In Which Four Russians Give a Master Class on Writing, Reading, and Life",George Saunders,"Saunders, George",,"=""1984856049""","=""9781984856043""",0,4.54,Random House,Kindle Edition,403,2021,2021,,2024/12/02,to-read,to-read (#307),to-read,,,,0,0
59593603,The Heath: My Year on Hampstead Heath,Hunter Davies,"Davies, Hunter",,"=""""","=""""",0,4.06,Apollo,Kindle Edition,258,2021,,,2024/11/28,to-read,to-read (#306),to-read,,,,0,0
18505792,The Ocean at the End of the Lane,Neil Gaiman,"Gaiman, Neil",,"=""0062255665""","=""9780062255662""",0,4.02,William Morrow,Paperback,195,2014,2013,,2024/11/27,to-read,to-read (#305),to-read,,,,0,0
42046112,Recursion,Blake Crouch,"Crouch, Blake",,"=""1524759783""","=""9781524759780""",0,4.17,Crown,Hardcover,329,2019,2019,,2024/11/27,to-read,to-read (#304),to-read,,,,0,0
52504334,"A Master of Djinn (Dead Djinn Universe, #1)",P. Djèlí Clark,"Clark, P. Djèlí",,"=""1250267676""","=""9781250267672""",0,4.01,Tordotcom,Kindle Edition,438,2021,2021,,2024/11/27,to-read,to-read (#303),to-read,,,,0,0
195519906,"Sistah Samurai (The Champloo Mixes, Mix #1)",Tatiana Obey,"Obey, Tatiana",,"=""""","=""9798985664966""",0,4.15,Wanderlore Publishing LLC,Kindle Edition,136,2023,2023,,2024/11/27,to-read,to-read (#302),to-read,,,,0,0
43401565,The Adventures of China Iron,Gabriela Cabezón Cámara,"Cámara, Gabriela Cabezón","Fiona Mackintosh, Iona Macintyre","=""""","=""""",0,3.82,Charco Press,Paperback,200,2019,2017,,2024/11/27,to-read,to-read (#301),to-read,,,,0,0
216403789,La balada de las tres lunas,Marta Morillo,"Morillo, Marta",,"=""8419939544""","=""9788419939548""",0,4.03,Young Kiwi ,Paperback,576,2024,,,2024/11/15,to-read,to-read (#300),to-read,,,,0,0
14201,Jonathan Strange & Mr Norrell,Susanna Clarke,"Clarke, Susanna",,"=""""","=""""",0,3.87,Tor Books,Paperback,1006,2006,2004,,2024/11/03,to-read,to-read (#299),to-read,,,,0,0
18042000,A Very British Murder: The Story of a National Obsession,Lucy Worsley,"Worsley, Lucy",,"=""1849906343""","=""9781849906340""",0,3.83,BBC Books,Hardcover,320,2014,2013,,2024/10/31,to-read,to-read (#298),to-read,,,,0,0
338691,"Still Life (Chief Inspector Armand Gamache, #1)",Louise Penny,"Penny, Louise",,"=""0312948557""","=""9780312948559""",0,3.90,St. Martin's Paperbacks,Mass Market Paperback,293,2007,2005,,2024/10/28,to-read,to-read (#297),to-read,,,,0,0
59314509,The Murders at Fleat House,Lucinda Riley,"Riley, Lucinda",,"=""152909495X""","=""9781529094954""",0,4.11,Pan Macmillan,Hardcover,576,2022,2022,,2024/10/28,to-read,to-read (#296),to-read,,,,0,0
63540591,The Full English: A Journey in Search of a Country and its People,Stuart Maconie,"Maconie, Stuart",,"=""0008498261""","=""9780008498269""",0,4.04,HarperNorth,Hardcover,352,2023,,,2024/10/21,to-read,to-read (#295),to-read,,,,0,0
203608552,So Thirsty,Rachel   Harrison,"Harrison, Rachel",,"=""0593642546""","=""9780593642542""",0,3.49,Berkley,Hardcover,290,2024,2024,,2024/10/11,to-read,to-read (#294),to-read,,,,0,0
20769329,Grist for the Mill: Awakening to Oneness,Ram Dass,"Dass, Ram",Stephen Levine,"=""""","=""""",0,4.40,HarperOne,Kindle Edition,210,2014,1976,,2024/10/05,to-read,to-read (#293),to-read,,,,0,0
19669336,Flow: The Psychology of Optimal Experience,Mihály Csíkszentmihályi,"Csíkszentmihályi, Mihály",,"=""0061876720""","=""9780061876721""",0,4.11,HarperCollins e-books,Kindle Edition,322,2008,1990,,2021/02/14,to-read,to-read (#52),to-read,,,,0,0
54663051,The Devil You Know: A Black Power Manifesto,Charles M. Blow,"Blow, Charles M.",,"=""0062914685""","=""9780062914682""",0,4.30,Harper,Kindle Edition,244,2021,2021,,2023/08/02,to-read,to-read (#252),to-read,,,,0,0
61423854,Built to Move: The Ten Essential Habits to Help You Move Freely and Live Fully,Kelly Starrett,"Starrett, Kelly",Juliet Starrett,"=""0593534808""","=""9780593534809""",0,4.24,Knopf,Hardcover,336,2023,2023,,2024/09/04,to-read,to-read (#292),to-read,,,,0,0
6493208,The Immortal Life of Henrietta Lacks,Rebecca Skloot,"Skloot, Rebecca",,"=""1400052173""","=""9781400052172""",0,4.13,Crown Publishing Group,Hardcover,370,2010,2010,,2024/09/02,to-read,to-read (#291),to-read,,,,0,0
62039166,The Bee Sting,Paul Murray,"Murray, Paul",,"=""0374600309""","=""9780374600303""",0,3.89,"Farrar, Straus and Giroux",Hardcover,645,2023,2023,,2024/09/02,to-read,to-read (#290),to-read,,,,0,0
202633889,Chamanes eléctricos en la fiesta del sol,Mónica Ojeda,"Ojeda, Mónica",,"=""8439743009""","=""9788439743002""",0,3.82,RANDOM HOUSE,Kindle Edition,288,2024,2024,,2024/08/27,to-read,to-read (#289),to-read,,,,0,0
56022281,"El buen padre (Inspectora Indira Ramos, #1)",Santiago Díaz,"Díaz, Santiago",,"=""8417910999""","=""9788417910990""",0,4.15,Reservoir Books,Paperback,416,2021,2021,,2024/08/26,to-read,to-read (#288),to-read,,,,0,0
60598945,La ladrona de huesos,Manel Loureiro,"Loureiro, Manel",,"=""8408257331""","=""9788408257332""",0,3.82,Planeta,Paperback,504,2022,2022,,2024/08/26,to-read,to-read (#287),to-read,,,,0,0
39899253,Scattered Minds: The Origins and Healing of Attention Deficit Disorder,Gabor Maté,"Maté, Gabor",,"=""1785042211""","=""9781785042218""",0,4.29,Vermilion,Paperback,368,2019,1999,,2024/08/17,to-read,to-read (#286),to-read,,,,0,0
206801577,El celo,Sabina Urraca,"Urraca, Sabina",,"=""8420476889""","=""9788420476889""",0,4.28,Alfaguara,Paperback,312,2024,,,2024/07/21,to-read,to-read (#285),to-read,,,,0,0
61358639,Saving Time: Discovering a Life Beyond the Clock,Jenny Odell,"Odell, Jenny",,"=""059324270X""","=""9780593242704""",0,3.61,Random House,Hardcover,400,2023,2023,,2024/07/21,to-read,to-read (#284),to-read,,,,0,0
53412888,Panza de burro,Andrea Abreu López,"López, Andrea Abreu",Sabina Urraca,"=""""","=""""",0,3.77,Editorial Barrett,Paperback,172,2020,2020,,2024/07/21,to-read,to-read (#283),to-read,,,,0,0
181109993,Evenings and Weekends,Oisín McKenna,"McKenna, Oisín",,"=""0063319977""","=""9780063319974""",0,3.79,Mariner Books,Hardcover,352,2024,2024,,2024/07/16,to-read,to-read (#282),to-read,,,,0,0
164408,Happy All the Time,Laurie Colwin,"Colwin, Laurie",,"=""0060955325""","=""9780060955328""",0,3.83,Harpperen,Paperback,224,2000,1978,,2024/07/16,to-read,to-read (#281),to-read,,,,0,0
202917603,Cuckooland: Where the Rich Own the Truth,Tom Burgis,"Burgis, Tom",,"=""0008564760""","=""9780008564766""",0,3.76,William Collins,Kindle Edition,303,2024,,,2024/06/17,to-read,to-read (#280),to-read,,,,0,0
58416952,"The Will of the Many (Hierarchy, #1)",James  Islington,"Islington, James",,"=""1982141190""","=""9781982141196""",0,4.60,Gallery / Saga Press,Kindle Edition,639,2023,2023,,2024/04/14,to-read,to-read (#279),to-read,,,,0,0
23524779,Guns of the Dawn,Adrian Tchaikovsky,"Tchaikovsky, Adrian",,"=""1447272676""","=""9780230770034""",0,4.17,Tor UK/Panmacmillan,Paperback,658,2015,2015,,2024/04/07,to-read,to-read (#278),to-read,,,,0,0
41886271,The Sword of Kaigen,M.L. Wang,"Wang, M.L.",,"=""""","=""""",0,4.45,Amazon Digital Services,Kindle Edition,651,2019,2019,,2024/04/07,to-read,to-read (#277),to-read,,,,0,0
1279686,"Genghis: Birth of an Empire (Conqueror, #1)",Conn Iggulden,"Iggulden, Conn",,"=""0440243904""","=""9780440243908""",0,4.39,Dell,Mass Market Paperback,528,2008,2007,,2024/04/02,to-read,to-read (#276),to-read,,,,0,0
63106877,The Maiden,Kate   Foster,"Foster, Kate",,"=""""","=""""",0,4.04,Mantle,Hardcover,384,2023,2023,,2024/04/01,to-read,to-read (#275),to-read,,,,0,0
61067578,Rose and the Burma Sky,Rosanna Amaka,"Amaka, Rosanna",,"=""0857526731""","=""9780857526731""",0,4.07,Doubleday,Hardcover,272,2023,,,2024/04/01,to-read,to-read (#274),to-read,,,,0,0
60893916,Giovanni's Room (James Baldwin - Early Novels & Stories #2),James Baldwin,"Baldwin, James",,"=""""","=""""",0,4.34,,Hardcover,144,1956,1956,,2023/07/30,to-read,to-read (#249),to-read,,,,0,0
49236083,Boulder,Eva Baltasar,"Baltasar, Eva",Nicole d'Amonville Alegría,"=""8439736967""","=""9788439736967""",0,3.91,Literatura Random House,Paperback,128,2020,2020,,2024/02/05,to-read,to-read (#273),to-read,,,,0,0
13238716,Tax-Free Wealth: How to Build Massive Wealth by Permanently Lowering Your Taxes,Tom Wheelwright,"Wheelwright, Tom",,"=""1937832058""","=""9781937832056""",0,4.21,"RARI Press, LLC",Paperback,282,2015,2012,,2024/01/13,to-read,to-read (#272),to-read,,,,0,0
3028,Economics in One Lesson,Henry Hazlitt,"Hazlitt, Henry",,"=""""","=""""",0,4.17,Three Rivers Press,Paperback,218,1979,1946,,2024/01/13,to-read,to-read (#271),to-read,,,,0,0
61153739,Outlive: The Science & Art of Longevity,Peter Attia,"Attia, Peter",Bill Gifford,"=""0593236599""","=""9780593236598""",0,4.34,Harmony,Hardcover,496,2023,2023,,2024/01/13,to-read,to-read (#270),to-read,,,,0,0
6596,The Four Agreements: A Practical Guide to Personal Freedom,Miguel Ruiz,"Ruiz, Miguel",Janet Mills,"=""1878424505""","=""9781878424501""",0,4.19,Amber-Allen Publishing,Hardcover,152,2001,1997,,2024/01/13,to-read,to-read (#269),to-read,,,,0,0
62217096,"Matrescence: On the Metamorphosis of Pregnancy, Childbirth, and Motherhood",Lucy   Jones,"Jones, Lucy",,"=""0241513480""","=""9780241513484""",0,4.43,Allen Lane,Hardcover,310,2023,2023,,2024/01/12,to-read,to-read (#268),to-read,,,,0,0
2050,"Farewell, My Lovely (Philip Marlowe, #2)",Raymond Chandler,"Chandler, Raymond",,"=""""","=""""",0,4.10,Vintage Crime/Black Lizard,Paperback,292,1992,1940,,2024/01/09,to-read,to-read (#267),to-read,,,,0,0
176849725,A Therapeutic Journey: Lessons from The School of Life,Alain de Botton,"Botton, Alain de",,"=""1915087538""","=""9781915087539""",0,4.08,The School of Life,Kindle Edition,418,2023,,,2024/01/04,to-read,to-read (#266),to-read,,,,0,0
61190770,Chain-Gang All-Stars,Nana Kwame Adjei-Brenyah,"Adjei-Brenyah, Nana Kwame",,"=""0593317335""","=""9780593317334""",0,4.12,Pantheon,Hardcover,367,2023,2023,,2024/01/02,to-read,to-read (#265),to-read,,,,0,0
57945316,Babel,R.F. Kuang,"Kuang, R.F.",,"=""0063021420""","=""9780063021426""",0,4.16,Harper Voyager,Hardcover,544,2022,2022,,2024/01/02,to-read,to-read (#264),to-read,,,,0,0
8620024,Ebano,Ryszard Kapuściński,"Kapuściński, Ryszard",Vera Verdiani,"=""8807817063""","=""9788807817069""",0,4.39,Feltrinelli,Paperback,277,2002,1998,,2023/12/31,to-read,to-read (#263),to-read,,,,0,0
60321447,Chip War: The Fight for the World's Most Critical Technology,Chris   Miller,"Miller, Chris",,"=""1982172002""","=""9781982172008""",0,4.41,Scribner,Hardcover,464,2022,2022,,2023/12/31,to-read,to-read (#262),to-read,,,,0,0
154958098,AI Needs You: How We Can Change AI's Future and Save Our Own,Verity Harding,"Harding, Verity",,"=""0691244871""","=""9780691244877""",0,3.52,Princeton University Press,Hardcover,288,2024,,,2023/12/31,to-read,to-read (#261),to-read,,,,0,0
60165392,Africa Is Not a Country: Notes on a Bright Continent,Dipo Faloyin,"Faloyin, Dipo",,"=""0393881539""","=""9780393881530""",0,4.40,W. W. Norton & Company,Hardcover,385,2022,2022,,2023/08/29,to-read,to-read (#260),to-read,,,,0,0
25026338,Historia mínima de Perú (Spanish Edition),Carlos Contreras,"Contreras, Carlos",Marina Zuloaga,"=""6074626332""","=""9786074626339""",0,4.14,El Colegio de México,Kindle Edition,273,2014,2014,,2023/08/11,"to-read, peru","to-read (#259), peru (#3)",to-read,,,,0,0
2091367,Conversación en la catedral,Mario Vargas Llosa,"Llosa, Mario Vargas",,"=""8466319158""","=""9788466319157""",0,4.38,Punto de Lectura,Mass Market Paperback,732,2006,1969,,2023/08/11,"to-read, peru","to-read (#258), peru (#2)",to-read,,,,0,0
257191,Los ríos profundos,José María Arguedas,"Arguedas, José María",,"=""9500393271""","=""9789500393270""",0,3.84,Losada,Paperback,320,2004,1958,,2023/08/11,"to-read, peru","to-read (#257), peru (#1)",to-read,,,,0,0
10321016,"Pitch Anything: An Innovative Method for Presenting, Persuading, and Winning the Deal",Oren Klaff,"Klaff, Oren",,"=""0071752854""","=""9780071752855""",0,4.06,McGraw-Hill,Hardcover,240,2011,2011,,2023/08/04,to-read,to-read (#256),to-read,,,,0,0
8662312,Breakthrough Advertising,Eugene M. Schwartz,"Schwartz, Eugene M.",Martin Edelston,"=""0887232981""","=""9780887232985""",0,4.54,Bottom Line Books,Hardcover,236,2004,1966,,2023/08/04,to-read,to-read (#255),to-read,,,,0,0
25931008,Disrupt Yourself,Jay Samit,"Samit, Jay",,"=""1509802894""","=""9781509802890""",0,4.10,Bluebird,Kindle Edition,304,2015,2015,,2023/08/04,to-read,to-read (#254),to-read,,,,0,0
171127,The Little Book of Common Sense Investing: The Only Way to Guarantee Your Fair Share of Stock Market Returns,John C. Bogle,"Bogle, John C.",,"=""0470102101""","=""9780470102107""",0,4.15,John Wiley & Sons Inc,Hardcover,216,2007,2007,,2023/08/04,to-read,to-read (#253),to-read,,,,0,0
54584948,The Bell Jar,Sylvia Plath,"Plath, Sylvia",,"=""""","=""""",0,4.05,,Kindle Edition,205,2020,1963,,2023/08/01,to-read,to-read (#251),to-read,,,,0,0
17694431,Capitanes y Reyes,Taylor Caldwell,"Caldwell, Taylor",,"=""8432082090""","=""9788432082092""",0,4.14,Planeta,Tapa blanda,830,1984,1972,,2023/08/01,to-read,to-read (#250),to-read,,,,0,0
45729417,Time Is the Thing a Body Moves Through,T. Fleischmann,"Fleischmann, T.",,"=""1566895553""","=""9781566895552""",0,4.02,Coffee House Press,Kindle Edition,163,2019,2019,,2023/07/30,to-read,to-read (#248),to-read,,,,0,0
34884810,"The Craftsman (The Craftsman, #1)",Sharon J. Bolton,"Bolton, Sharon J.",,"=""140917414X""","=""9781409174141""",0,3.98,Trapeze ,Kindle Edition,352,2018,2018,,2023/07/25,to-read,to-read (#247),to-read,,,,0,0
123723946,La mala costumbre,Alana S. Portero,"Portero, Alana S.",,"=""8432242187""","=""9788432242182""",0,4.52,Seix Barral,Kindle Edition,252,2023,2023,,2023/07/23,to-read,to-read (#246),to-read,,,,0,0
50008655,Noughts & Crosses,Malorie Blackman,"Blackman, Malorie",,"=""0141378646""","=""9780141378640""",0,4.17,Penguin,Paperback,512,2017,2001,,2023/07/22,to-read,to-read (#245),to-read,,,,0,0
35900387,Eleanor Oliphant Is Completely Fine,Gail Honeyman,"Honeyman, Gail",,"=""0008172145""","=""9780008172145""",0,4.23,HarperCollins GB,Paperback,390,2018,2017,,2023/07/22,to-read,to-read (#244),to-read,,,,0,0
58949799,100 Queer Poems,Mary Jean Chan,"Chan, Mary Jean",Andrew McMillan,"=""1529115329""","=""9781529115321""",0,3.82,Vintage,Hardcover,175,2022,2022,,2023/07/22,to-read,to-read (#243),to-read,,,,0,0
44088751,Pizza Girl,Jean Kyoung Frazier,"Frazier, Jean Kyoung",,"=""038554572X""","=""9780385545723""",0,3.35,Doubleday,Hardcover,208,2020,2020,,2023/07/22,to-read,to-read (#242),to-read,,,,0,0
59629744,Diary of a Void,Emi Yagi,"Yagi, Emi","David  Boyd, Lucy North","=""0143136879""","=""9780143136873""",0,3.49,Viking,Hardcover,213,2022,2020,,2023/07/22,to-read,to-read (#241),to-read,,,,0,0
58255008,The Penguin History of Modern Spain: 1898 to the Present,Nigel Townson,"Townson, Nigel",,"=""0241281458""","=""9780241281451""",0,3.50,Allen Lane,Hardcover,608,2023,2023,,2023/07/22,to-read,to-read (#240),to-read,,,,0,0
56769524,"Born in Blackness: Africa, Africans, and the Making of the Modern World, 1471 to the Second World War",Howard W. French,"French, Howard W.",,"=""1631495828""","=""9781631495823""",0,4.30,Liveright,Hardcover,512,2021,2021,,2023/07/15,to-read,to-read (#239),to-read,,,,0,0
122275781,Mrs. S,K.    Patrick,"Patrick, K.",,"=""000856101X""","=""9780008561017""",0,3.59,Fourth Estate,Kindle Edition,300,2023,2023,,2023/06/30,to-read,to-read (#238),to-read,,,,0,0
60323334,Rethinking Gender: An Illustrated Exploration,Louie Läuger,"Läuger, Louie",,"=""0262047233""","=""9780262047234""",0,4.18,The MIT Press,Paperback,232,2022,,,2023/06/29,to-read,to-read (#237),to-read,,,,0,0
63063173,Scaling People: Tactics for Management and Company Building,Claire Hughes Johnson,"Johnson, Claire Hughes",,"=""1953953212""","=""9781953953216""",0,4.25,Stripe Press,Hardcover,480,2023,,,2023/06/27,to-read,to-read (#236),to-read,,,,0,0
75526,Estupor y temblores,Amélie Nothomb,"Nothomb, Amélie",Nathalie Nothomb,"=""8433969196""","=""9788433969194""",0,3.74,Anagrama,Paperback,144,2007,1999,,2023/06/16,to-read,to-read (#235),to-read,,,,0,0
26838903,How the Marquis Got His Coat Back,Neil Gaiman,"Gaiman, Neil",,"=""""","=""""",0,4.05,Headline,Kindle Edition,37,2015,2015,,2023/05/26,to-read,to-read (#234),to-read,,,,0,0
34330383,"The Seven Sisters (London Below, #2)",Neil Gaiman,"Gaiman, Neil",,"=""""","=""""",0,3.97,,Hardcover,,,,,2023/05/26,to-read,to-read (#233),to-read,,,,0,0
59336625,All the Lovers in the Night,Mieko Kawakami,"Kawakami, Mieko","Sam Bett, David  Boyd","=""1609456998""","=""9781609456993""",0,3.69,Europa Editions,Hardcover,224,2022,2011,,2023/05/24,to-read,to-read (#232),to-read,,,,0,0
44286534,You Look Like a Thing and I Love You: How Artificial Intelligence Works and Why It's Making the World a Weirder Place,Janelle Shane,"Shane, Janelle",,"=""0316525243""","=""9780316525244""",0,4.13,Voracious,Hardcover,272,2019,2019,,2023/04/26,to-read,to-read (#231),to-read,,,,0,0
19370304,The Smell of Other People's Houses,Bonnie-Sue Hitchcock,"Hitchcock, Bonnie-Sue",,"=""0553497804""","=""9780553497809""",0,3.93,Wendy Lamb Books,Kindle Edition,240,2016,2016,,2023/04/21,to-read,to-read (#230),to-read,,,,0,0
15798078,Decisive: How to Make Better Choices in Life and Work,Chip Heath,"Heath, Chip",Dan Heath,"=""0307956393""","=""9780307956392""",0,3.96,Crown Currency,Hardcover,336,2013,2013,,2023/04/12,to-read,to-read (#229),to-read,,,,0,0
35074096,"Mythos: The Greek Myths Retold (Stephen Fry's Great Mythology, #1)",Stephen Fry,"Fry, Stephen",,"=""0718188721""","=""9780718188726""",0,4.26,Michael Joseph,Hardcover,416,2017,2017,,2023/04/05,to-read,to-read (#228),to-read,,,,0,0
42815544,"Bunny (Bunny, #1)",Mona Awad,"Awad, Mona",,"=""0525559736""","=""9780525559733""",0,3.48,Viking,Hardcover,307,2019,2019,,2023/04/05,to-read,to-read (#227),to-read,,,,0,0
229018,Exteriors,Annie Ernaux,"Ernaux, Annie",Tanya Leslie,"=""1888363312""","=""9781888363319""",0,3.57,Seven Stories Press,Hardcover,96,1996,1993,,2023/04/05,to-read,to-read (#226),to-read,,,,0,0
48890225,"Detransition, Baby",Torrey Peters,"Peters, Torrey",,"=""0593133374""","=""9780593133378""",0,3.93,One World,Hardcover,337,2021,2021,,2023/04/05,to-read,to-read (#225),to-read,,,,0,0
61126612,Alone With You in the Ether,Olivie Blake,"Blake, Olivie",,"=""1250888166""","=""9781250888167""",0,3.78,Tor Books,Hardcover,288,2022,2020,,2023/04/05,to-read,to-read (#224),to-read,,,,0,0
43317482,In the Dream House,Carmen Maria Machado,"Machado, Carmen Maria",,"=""1644450038""","=""9781644450031""",0,4.40,Graywolf Press,Hardcover,251,2019,2019,,2023/03/20,to-read,to-read (#223),to-read,,,,0,0
22929741,The Argonauts,Maggie Nelson,"Nelson, Maggie",,"=""1555977073""","=""9781555977078""",0,4.02,Graywolf Press,Hardcover,160,2015,2015,,2023/03/20,,,read,,,,1,0
13651,The Dispossessed: An Ambiguous Utopia,Ursula K. Le Guin,"Guin, Ursula K. Le",,"=""""","=""""",0,4.25,Harper Voyager,Paperback,387,1994,1974,,2023/03/18,to-read,to-read (#222),to-read,,,,0,0
54756850,"Delilah Green Doesn't Care (Bright Falls, #1)",Ashley Herring Blake,"Blake, Ashley Herring",,"=""0593336402""","=""9780593336403""",0,4.06,Berkley,Paperback,375,2022,2022,,2023/03/15,to-read,to-read (#221),to-read,,,,0,0
61242426,"Legends & Lattes (Legends & Lattes, #1)",Travis Baldree,"Baldree, Travis",,"=""""","=""""",0,4.06,Tor,Kindle Edition,296,2022,2022,,2023/03/15,to-read,to-read (#220),to-read,,,,0,0
42074525,"The City We Became (Great Cities, #1)",N.K. Jemisin,"Jemisin, N.K.",,"=""""","=""""",0,3.85,Orbit,Hardcover,437,2020,2020,,2023/03/15,to-read,to-read (#219),to-read,,,,0,0
60399181,"The World We Make (Great Cities, #2)",N.K. Jemisin,"Jemisin, N.K.",,"=""035651269X""","=""9780356512693""",0,4.09,Orbit,Hardcover,357,2022,2022,,2023/03/15,to-read,to-read (#218),to-read,,,,0,0
58784475,"Tomorrow, and Tomorrow, and Tomorrow",Gabrielle Zevin,"Zevin, Gabrielle",,"=""0735243344""","=""9780735243347""",0,4.13,Knopf,Hardcover,401,2022,2022,,2023/03/15,to-read,to-read (#217),to-read,,,,0,0
56587382,The Island of Missing Trees,Elif Shafak,"Shafak, Elif",,"=""0241434998""","=""9780241434994""",0,4.15,VIKIN,Hardcover,354,2021,2021,2023/02/04,2022/05/31,,,read,,,,2,0
47668,Ensayo sobre la ceguera,José Saramago,"Saramago, José",,"=""""","=""""",0,4.18,Punto de Lectura,Paperback,329,2006,1995,2023/01/13,2023/02/04,,,read,,,,2,0
58952341,A Path through the Jungle: Psychological Health and Wellbeing Programme to Develop Robustness and Resilience,Steve   Peters,"Peters, Steve",,"=""1998991105""","=""9781998991105""",0,4.31,Mindfield Media,Paperback,0,2021,,,2023/01/23,to-read,to-read (#216),to-read,,,,0,0
11229,"The Sea, the Sea",Iris Murdoch,"Murdoch, Iris",Mary Kinzie,"=""014118616X""","=""9780141186160""",0,3.96,Penguin Books Ltd,Paperback,528,2001,1978,,2022/11/21,to-read,to-read (#215),to-read,,,,0,0
58437521,The Candy House,Jennifer Egan,"Egan, Jennifer",,"=""1476716765""","=""9781476716763""",0,3.64,Scribner,Hardcover,352,2022,2022,,2022/11/14,to-read,to-read (#214),to-read,,,,0,0
57977494,The Colony,Audrey Magee,"Magee, Audrey",,"=""""","=""""",0,4.11,Faber & Faber,Hardcover,376,2022,2022,,2022/11/14,to-read,to-read (#213),to-read,,,,0,0
1963638,The Untethered Soul: The Journey Beyond Yourself,Michael A. Singer,"Singer, Michael A.",,"=""""","=""""",0,4.21,New Harbinger Publications,Paperback,183,2007,2007,,2022/11/07,to-read,to-read (#212),to-read,,,,0,0
60097405,"Like, Comment, Subscribe: How YouTube Drives Google's Dominance and Controls Our Culture",Mark Bergen,"Bergen, Mark",,"=""0593296346""","=""9780593296349""",0,3.73,Viking,Hardcover,464,2022,2022,,2022/11/07,to-read,to-read (#211),to-read,,,,0,0
40694087,Adventures in Memory: Exploring the Science and Secrets of Human Memory,Hilde Østby,"Østby, Hilde","Ylva Østby, Sam Kean","=""1771643471""","=""9781771643474""",0,3.78,Greystone Books,Hardcover,312,2018,2016,,2022/11/07,to-read,to-read (#210),to-read,,,,0,0
41104077,Invisible Women: Data Bias in a World Designed for Men,Caroline Criado Pérez,"Pérez, Caroline Criado",,"=""1419729071""","=""9781419729072""",0,4.34,Abrams Press,Hardcover,448,2019,2019,,2022/11/02,to-read,to-read (#209),to-read,,,,0,0
8676,Unlimited Power: The New Science of Personal Achievement,Anthony Robbins,"Robbins, Anthony",Tony Robbins,"=""0684845776""","=""9780684845777""",0,4.22,Free Press,Paperback,426,1997,1986,,2022/11/02,to-read,to-read (#208),to-read,,,,0,0
67006,Los renglones torcidos de Dios,Torcuato Luca de Tena,"Tena, Torcuato Luca de",,"=""9681311884""","=""9789681311889""",5,4.21,Edivision,Paperback,512,1992,1979,2022/11/03,2022/11/02,,,read,,,,2,0
54750319,Rotten Days in Late Summer,Ralf Webb,"Webb, Ralf",,"=""0141992735""","=""9780141992730""",0,3.85,Penguin,Paperback,112,2021,2021,,2022/10/29,to-read,to-read (#207),to-read,,,,0,0
56856378,Alonement,Francesca  Specter,"Specter, Francesca",,"=""1529412617""","=""9781529412611""",0,3.88,Quercus ,Hardcover,306,2021,,,2022/10/29,to-read,to-read (#206),to-read,,,,0,0
19288043,Gone Girl,Gillian Flynn,"Flynn, Gillian",,"=""0307588378""","=""9780307588371""",0,4.14,Ballantine Books,Paperback,415,2014,2012,,2022/10/01,currently-reading,currently-reading (#3),currently-reading,,,,1,0
55811396,Feria,Ana Iris Simón,"Simón, Ana Iris",,"=""8412226720""","=""9788412226720""",0,3.55,Círculo de Tiza,Paperback,232,2020,2020,,2022/09/28,,,read,,,,1,0
55111243,Klara and the Sun,Kazuo Ishiguro,"Ishiguro, Kazuo",,"=""""","=""""",0,3.74,Faber & Faber,ebook,248,2021,2021,2022/09/17,2021/03/02,,,read,,,,1,0
60732655,El susurro del ángel,David  Olivas,"Olivas, David",,"=""""","=""""",0,4.07,Plaza & Janés,Paperback,349,2022,,,2022/09/16,to-read,to-read (#205),to-read,,,,0,0
57809811,The Bread the Devil Knead,Lisa Allen-Agostini,"Allen-Agostini, Lisa",,"=""1912408988""","=""9781912408986""",0,4.02,Myriad Editions,ebook,277,2021,2021,,2022/05/31,"to-read, shortlisted-barb","to-read (#178), shortlisted-barb (#5)",to-read,,,,0,0
49110165,Sorrow and Bliss,Meg Mason,"Mason, Meg",,"=""""","=""""",0,4.08,4th Estate - AU,Paperback,352,2021,2020,,2022/01/07,"to-read, shortlisted-barb","to-read (#153), shortlisted-barb (#4)",to-read,,,,0,0
55410610,Panenka,Ronan Hession,"Hession, Ronan",,"=""1910422673""","=""9781910422670""",0,3.99,Bluemoose ,Hardcover,164,2021,2021,,2022/09/04,"to-read, shortlisted-barb","to-read (#204), shortlisted-barb (#3)",to-read,,,,0,0
2609845,Elena sabe,Claudia Piñeiro,"Piñeiro, Claudia",,"=""9870701248""","=""9789870701248""",0,4.06,Alfaguara,Paperback,173,2007,2007,,2022/09/04,"to-read, shortlisted-barb","to-read (#203), shortlisted-barb (#2)",to-read,,,,0,0
54633172,The Promise,Damon Galgut,"Galgut, Damon",,"=""1784744069""","=""9781784744069""",0,3.85,Chatto & Windus,Hardcover,293,2021,2021,,2022/07/09,"to-read, shortlisted-barb","to-read (#190), shortlisted-barb (#1)",to-read,,,,0,0
35631386,The Undoing Project: A Friendship That Changed Our Minds,Michael   Lewis,"Lewis, Michael",,"=""0393354776""","=""9780393354775""",4,3.99,W. W. Norton & Company,Paperback,368,2017,2016,,2022/09/04,,,read,,,,1,0
7235533,"The Way of Kings (The Stormlight Archive, #1)",Brandon Sanderson,"Sanderson, Brandon",,"=""0765326353""","=""9780765326355""",0,4.67,Tor Books,Hardcover,1007,2010,2010,,2022/08/22,to-read,to-read (#202),to-read,,,,0,0
29780253,Born a Crime: Stories From a South African Childhood,Trevor Noah,"Noah, Trevor",,"=""0385689225""","=""9780385689229""",0,4.49,Doubleday Canada,Hardcover,289,2016,2016,,2022/08/22,to-read,to-read (#201),to-read,,,,0,0
33294200,The Poet X,Elizabeth Acevedo,"Acevedo, Elizabeth",,"=""""","=""""",0,4.37,HarperTeen ,Kindle Edition,368,2018,2018,,2022/08/14,to-read,to-read (#200),to-read,,,,0,0
57926137,Black Cake,Charmaine Wilkerson,"Wilkerson, Charmaine",,"=""""","=""""",0,4.09,Ballantine Books,Hardcover,385,2022,2022,,2022/08/14,to-read,to-read (#199),to-read,,,,0,0
34847511,Temporada de huracanes,Fernanda Melchor,"Melchor, Fernanda",,"=""6073152736""","=""9786073152730""",0,4.05,Penguin Random House Grupo Editorial,Paperback,224,2017,2017,,2022/08/14,to-read,to-read (#198),to-read,,,,0,0
50998056,The Ministry for the Future,Kim Stanley Robinson,"Robinson, Kim Stanley",,"=""0316300136""","=""9780316300131""",0,3.87,Orbit,Hardcover,563,2020,2020,,2022/08/04,to-read,to-read (#197),to-read,,,,0,0
41795733,Range: Why Generalists Triumph in a Specialized World,David   Epstein,"Epstein, David",,"=""0735214484""","=""9780735214484""",0,4.13,Riverhead Books,Hardcover,339,2019,2019,,2022/08/04,to-read,to-read (#196),to-read,,,,0,0
29238799,Pre-Suasion: A Revolutionary Way to Influence and Persuade,Robert B. Cialdini,"Cialdini, Robert B.",,"=""1501109790""","=""9781501109799""",0,4.01,Simon & Schuster,Hardcover,432,2016,2016,,2022/08/04,to-read,to-read (#195),to-read,,,,0,0
57693639,Pure Colour,Sheila Heti,"Heti, Sheila",,"=""0374603944""","=""9780374603946""",0,3.43,"Farrar, Straus and Giroux",Hardcover,224,2022,2022,,2022/07/27,to-read,to-read (#194),to-read,,,,0,0
142492,Vile Bodies,Evelyn Waugh,"Waugh, Evelyn",,"=""0316926116""","=""9780316926119""",0,3.72,Back Bay Books,Paperback,322,1999,1930,,2022/07/27,to-read,to-read (#193),to-read,,,,0,0
45289222,Writers & Lovers,Lily King,"King, Lily",,"=""""","=""""",0,4.00,Grove Press,Hardcover,320,2020,2020,,2022/07/27,to-read,to-read (#192),to-read,,,,0,0
39927096,"Less (Arthur Less, #1)",Andrew Sean Greer,"Greer, Andrew Sean",,"=""""","=""""",0,3.63,Lee Boudreaux Books,Kindle Edition,273,2017,2017,,2022/07/27,to-read,to-read (#191),to-read,,,,0,0
59366252,Magpie,Elizabeth Day,"Day, Elizabeth",,"=""1982187603""","=""9781982187606""",0,3.62,Simon & Schuster,Hardcover,336,2022,2022,,2022/07/09,to-read,to-read (#189),to-read,,,,0,0
191373,Bestiario,Julio Cortázar,"Cortázar, Julio",,"=""8466309896""","=""9788466309899""",0,4.20,Punto de Lectura,Paperback,104,2008,1951,,2022/07/09,to-read,to-read (#188),to-read,,,,0,0
23841432,Night Sky with Exit Wounds,Ocean Vuong,"Vuong, Ocean",,"=""""","=""""",0,4.18,Copper Canyon Press,Paperback,89,2016,2016,,2022/07/09,to-read,to-read (#187),to-read,,,,0,0
48037,Carmilla,J. Sheridan Le Fanu,"Fanu, J. Sheridan Le",Karl Wurf,"=""0809510839""","=""9780809510832""",0,3.87,Wildside Press,Paperback,108,2000,1872,,2022/06/12,to-read,to-read (#186),to-read,,,,0,0
7978230,"Love, Loss and What I Wore",Nora Ephron,"Ephron, Nora","Delia Ephron, Ilene Beckerman","=""0822223554""","=""9780822223559""",0,4.07,Dramatist's Play Service,Paperback,51,2010,2010,,2022/06/11,to-read,to-read (#185),to-read,,,,0,0
29751398,The Power,Naomi Alderman,"Alderman, Naomi",,"=""0670919985""","=""9780670919987""",0,3.75,Viking,Hardcover,341,2017,2016,,2022/06/11,to-read,to-read (#184),to-read,,,,0,0
56587388,"How the World Really Works: A Scientist's Guide to Our Past, Present and Future",Vaclav Smil,"Smil, Vaclav",,"=""0241454409""","=""9780241454404""",0,3.96,Viking,Paperback,326,2022,2022,,2022/06/11,to-read,to-read (#183),to-read,,,,0,0
52098718,Why We're Polarized,Ezra Klein,"Klein, Ezra",,"=""147670032X""","=""9781476700328""",0,4.22,Avid Reader Press / Simon  Schuster,Hardcover,336,2020,2020,,2022/06/11,to-read,to-read (#182),to-read,,,,0,0
54976986,Great Circle,Maggie Shipstead,"Shipstead, Maggie",,"=""""","=""""",0,4.10,Knopf,Hardcover,608,2021,2021,,2022/05/31,to-read,to-read (#181),to-read,,,,0,0
57004637,The Book of Form and Emptiness,Ruth Ozeki,"Ozeki, Ruth",,"=""0399563644""","=""9780399563645""",0,4.01,Viking,Hardcover,548,2021,2021,,2022/05/31,to-read,to-read (#180),to-read,,,,0,0
56816904,The Sentence,Louise Erdrich,"Erdrich, Louise",,"=""006267112X""","=""9780062671127""",0,3.94,Harper,Hardcover,387,2021,2021,,2022/05/31,to-read,to-read (#179),to-read,,,,0,0
50269327,Earthlings,Sayaka Murata,"Murata, Sayaka",Ginny Tapley Takemori,"=""1783785675""","=""9781783785674""",0,3.60,Granta Books,Hardcover,247,2020,2018,,2022/05/31,to-read,to-read (#177),to-read,,,,0,0
12898,Death of a Salesman,Arthur Miller,"Miller, Arthur",,"=""0435233076""","=""9780435233075""",0,3.58,Heinemann ed,Hardcover,144,1994,1949,,2022/05/31,to-read,to-read (#176),to-read,,,,0,0
44323938,Because a Woman's Heart is Like a Needle at the Bottom of the Ocean,Sugar Magnolia Wilson,"Wilson, Sugar Magnolia",,"=""186940890X""","=""9781869408909""",0,3.65,Auckland Univ Pr,Paperback,88,2019,2019,,2022/05/30,to-read,to-read (#175),to-read,,,,0,0
6336453,"Howl, Kaddish and Other Poems",Allen Ginsberg,"Ginsberg, Allen",,"=""""","=""""",0,3.99,Penguin Classics,Paperback,119,2009,1956,,2022/05/30,to-read,to-read (#174),to-read,,,,0,0
56805404,Call Us What We Carry,Amanda Gorman,"Gorman, Amanda",,"=""0593465067""","=""9780593465066""",0,4.26,Viking ,Hardcover,228,2021,2021,,2022/05/28,to-read,to-read (#173),to-read,,,,0,0
25641647,Lágrimas en la lluvia,Rosa Montero,"Montero, Rosa",,"=""8432224200""","=""9788432224201""",0,3.76,Seix Barral,Paperback,480,2015,2011,,2022/05/09,currently-reading,currently-reading (#2),currently-reading,,,,1,0
54359466,"Black Girl, Call Home",Jasmine Mans,"Mans, Jasmine",,"=""0593197143""","=""9780593197141""",0,4.43,Berkley,Paperback,245,2021,2021,,2022/05/08,to-read,to-read (#172),to-read,,,,0,0
56914101,The Hill We Climb: An Inaugural Poem for the Country,Amanda Gorman,"Gorman, Amanda",Oprah Winfrey,"=""059346527X""","=""9780593465271""",0,4.54,Viking Books,Hardcover,29,2021,2021,,2022/05/08,to-read,to-read (#171),to-read,,,,0,0
59921489,On Sun Swallowing,Dakota Warren,"Warren, Dakota",,"=""""","=""""",0,4.06,Pure Nowhere,Paperback,,2022,2022,,2022/04/27,to-read,to-read (#170),to-read,,,,0,0
5107,The Catcher in the Rye,J.D. Salinger,"Salinger, J.D.",,"=""0316769177""","=""9780316769174""",0,3.80,Back Bay Books,Paperback,277,2001,1951,,2022/03/17,to-read,to-read (#169),to-read,,,,0,0
46199,Letters to a Young Poet,Rainer Maria Rilke,"Rilke, Rainer Maria","Franz Xaver Kappus, Reginald Snell","=""0486422453""","=""9780486422459""",0,4.28,Dover Publications,Paperback,80,2002,1929,,2022/03/17,to-read,to-read (#168),to-read,,,,0,0
29358559,Upstream: Selected Essays,Mary Oliver,"Oliver, Mary",,"=""1594206708""","=""9781594206702""",0,4.16,Penguin Press,Hardcover,178,2016,2016,,2022/03/17,to-read,to-read (#167),to-read,,,,0,0
43126457,Trick Mirror: Reflections on Self-Delusion,Jia Tolentino,"Tolentino, Jia",,"=""0525510540""","=""9780525510543""",0,4.03,Random House,Hardcover,303,2019,2019,,2022/03/15,to-read,to-read (#166),to-read,,,,0,0
44279110,My Year of Rest and Relaxation,Ottessa Moshfegh,"Moshfegh, Ottessa",,"=""0525522131""","=""9780525522133""",0,3.61,Penguin Books,Paperback,289,2019,2018,,2022/03/15,to-read,to-read (#165),to-read,,,,0,0
58563850,"Nevermoor / Wundersmith / Hollowpox (Nevermoor, #1-3)",Jessica Townsend,"Townsend, Jessica",,"=""0678455511""","=""9780678455517""",0,4.67,,Paperback,0,2021,,,2022/03/15,to-read,to-read (#164),to-read,,,,0,0
9361589,The Night Circus,Erin Morgenstern,"Morgenstern, Erin",,"=""""","=""9780385534635""",0,4.00,Doubleday,Hardcover,506,2011,2011,,2022/03/15,to-read,to-read (#163),to-read,,,,0,0
323230,Home Girls: A Black Feminist Anthology,Barbara     Smith,"Smith, Barbara","Donna Allegra, Tania Abdulahad, Toni Cade Bambara, Barbara A. Banks, Becky Birtha, Toni  Cade, Cheryl Clarke, Michelle Cliff, Michelle T. Clinton, Willie M. Coleman, Toi Derricotte, Akasha Gloria Hull, Chirlane McCray, Patricia Jones, June Jordan, Audre Lorde, Raymina Y. Mays, Deidre McCalla, Jewelle Gomez, Pat Parker, Linda C. Powell, Bernice Johnson Reagon, Spring Redd, Kate Rushin, Ann Allen Shockley, Beverly Smith, Shirley O. Steele, Luisah Teish, Alexis De Veaux, Alice Walker, Renita Weems, Angelina Weld","=""0813527538""","=""9780813527536""",0,4.35,Rutgers University Press,Paperback,404,2000,1983,,2022/03/01,to-read,to-read (#162),to-read,,,,0,0
16328,"The Murder of Roger Ackroyd (Hercule Poirot, #4)",Agatha Christie,"Christie, Agatha",,"=""1579126278""","=""9781579126278""",0,4.26,Black Dog & Leventhal Publishers,Hardcover,288,2006,1926,,2022/02/22,to-read,to-read (#161),to-read,,,,0,0
16299,And Then There Were None,Agatha Christie,"Christie, Agatha",,"=""0312330871""","=""9780312330873""",0,4.28,St. Martin's Griffin,Paperback,264,2004,1939,,2022/02/22,to-read,to-read (#160),to-read,,,,0,0
35036409,"My Brilliant Friend (Neapolitan Novels, #1)",Elena Ferrante,"Ferrante, Elena",Ann Goldstein,"=""""","=""""",0,4.05,Penguin Random House ,Paperback,331,2012,2011,,2022/02/14,to-read,to-read (#159),to-read,,,,0,0
53343,On Writing Well: The Classic Guide to Writing Nonfiction,William Zinsser,"Zinsser, William",,"=""0060891548""","=""9780060891541""",0,4.24,Harper Perennial,Paperback,321,2006,1976,,2022/01/09,to-read,to-read (#158),to-read,,,,0,0
31625067,Hacking Growth: How Today's Fastest-Growing Companies Drive Breakout Success,Sean     Ellis,"Ellis, Sean",Morgan  Brown,"=""045149721X""","=""9780451497215""",0,4.11,Crown Currency,Hardcover,320,2017,2017,,2022/01/09,to-read,to-read (#157),to-read,,,,0,0
46000520,"The Thursday Murder Club (Thursday Murder Club, #1)",Richard Osman,"Osman, Richard",,"=""""","=""""",0,3.87,Penguin Books,Kindle Edition,382,2020,2020,2022/01/08,2021/12/31,,,read,,,,1,0
33596295,Improv Nation: How We Made a Great American Art,Sam Wasson,"Wasson, Sam",,"=""0544557204""","=""9780544557208""",0,3.96,Harper,Hardcover,464,2017,2017,,2022/01/07,to-read,to-read (#156),to-read,,,,0,0
55228171,We Can Do Better Than This: 35 Voices on the Future of LGBTQ+ Rights,Amelia Abraham,"Abraham, Amelia","Beth Ditto, Owen Jones, Olly Alexander, Peppermint, Wolfgang Tillmans, Jonathan Anderson, Pabllo Vittar, Naoise Dolan, Amrou Al-Kadhi, Shura, Riyadh Khalaf, Tom Rasmussen, Mykki Blanco, Phyll Opoku-Gyimah, Travis Alabanza, Yasmin Benoit, Mazharul Islam, Kate Bornstein, Adam Eli, Shon Faye, Fox Fisher, Hanne Gaby Odiele, Sasha Kazantseva, Andrew Gurza, Holland, Levi Hord, Juliet Jacques, Leticia Opio, Madison Moore, Matthew Riemer, Vincent Desmond, Juno Roche, Bobbi Salvör Menuez, Carl Siciliano","=""152911330X""","=""9781529113303""",0,4.24,Vintage,Hardcover,333,2022,2021,,2022/01/07,to-read,to-read (#155),to-read,,,,0,0
55782297,Shoko's Smile: Stories,Choi Eun-young,"Eun-young, Choi","Sung Ryu, 최은영","=""0143135260""","=""9780143135265""",0,3.91,Penguin Books,Paperback,272,2021,2016,,2022/01/07,to-read,to-read (#154),to-read,,,,0,0
22738563,We Should All Be Feminists,Chimamanda Ngozi Adichie,"Adichie, Chimamanda Ngozi",,"=""""","=""""",0,4.40,Vintage,Kindle Edition,52,2014,2012,,2022/01/07,to-read,to-read (#152),to-read,,,,0,0
50736031,Breasts and Eggs,Mieko Kawakami,"Kawakami, Mieko","Sam Bett, David  Boyd","=""1609455878""","=""9781609455873""",0,3.85,Europa Editions,Hardcover,430,2020,2008,,2022/01/07,to-read,to-read (#151),to-read,,,,0,0
50744314,The Whole Picture: The Colonial Story of the Art in Our Museums... and Why We Need to Talk About It,Alice Procter,"Procter, Alice",,"=""1788401557""","=""9781788401555""",0,4.22,Cassell,Hardcover,288,2020,2020,,2022/01/07,to-read,to-read (#150),to-read,,,,0,0
46266188,The Fifth Risk: Undoing Democracy,Michael   Lewis,"Lewis, Michael",,"=""0393357457""","=""9780393357455""",0,4.09,W. W. Norton & Company,Paperback,255,2019,2018,,2022/01/03,"to-read, 2022-reading-challenge","to-read (#149), 2022-reading-challenge (#22)",to-read,,,,0,0
24724602,Flash Boys: A Wall Street Revolt,Michael   Lewis,"Lewis, Michael",,"=""0393351599""","=""9780393351590""",0,4.14,W. W. Norton & Company,Paperback,304,2015,2014,,2022/01/03,"to-read, 2022-reading-challenge","to-read (#148), 2022-reading-challenge (#21)",to-read,,,,0,0
11297,Norwegian Wood,Haruki Murakami,"Murakami, Haruki",Jay Rubin,"=""0375704027""","=""9780375704024""",0,4.00,Vintage Books,Paperback,296,2000,1987,,2022/01/02,"to-read, 2022-reading-challenge","to-read (#147), 2022-reading-challenge (#20)",to-read,,,,0,0
5336575,"From Coexistence to Conquest: International Law and the Origins of the Arab-Israeli Conflict, 1891-1949: International Law and the Origins of the Arab-Israeli Conflict, 1891-1949",Victor Kattan,"Kattan, Victor",Richard A. Falk,"=""0745325785""","=""9780745325781""",0,4.39,Pluto Press,Paperback,456,2009,2008,,2022/01/01,"to-read, 2022-reading-challenge","to-read (#146), 2022-reading-challenge (#19)",to-read,,,,0,0
6413281,Mural,Mahmoud Darwish,"Darwish, Mahmoud","John Berger, Rema Hammami","=""184467410X""","=""9781844674107""",0,4.30,Verso,Hardcover,69,2009,2000,,2022/01/01,"to-read, 2022-reading-challenge","to-read (#145), 2022-reading-challenge (#18)",to-read,,,,0,0
317647,After the Last Sky: Palestinian Lives,Edward W. Said,"Said, Edward W.",Jean Mohr,"=""0231114494""","=""9780231114493""",0,4.37,Columbia University Press,Paperback,192,1999,1986,,2022/01/01,"to-read, 2022-reading-challenge","to-read (#144), 2022-reading-challenge (#17)",to-read,,,,0,0
4315,Zaat,Sonallah Ibrahim,"Ibrahim, Sonallah","صنع الله إبراهيم, Anthony Calderbank","=""9774248449""","=""9789774248443""",0,3.57,The American University in Cairo Press,Paperback,344,2004,1992,,2022/01/01,"to-read, 2022-reading-challenge","to-read (#143), 2022-reading-challenge (#16)",to-read,,,,0,0
4100352,The Arabs: A History,Eugene Rogan,"Rogan, Eugene",,"=""0465071007""","=""9780465071005""",0,4.36,Basic Books,Hardcover,513,2009,2009,,2022/01/01,to-read,to-read (#142),to-read,,,,0,0
23692271,Sapiens: A Brief History of Humankind,Yuval Noah Harari,"Harari, Yuval Noah",,"=""""","=""""",0,4.34,Vintage,Paperback,512,2015,2011,,2022/01/01,"to-read, 2022-reading-challenge","to-read (#141), 2022-reading-challenge (#15)",to-read,,,,0,0
40597810,Daisy Jones & The Six,Taylor Jenkins Reid,"Reid, Taylor Jenkins",,"=""1524798622""","=""9781524798628""",0,4.20,Ballantine Books,Hardcover,368,2019,2019,,2022/01/01,"to-read, 2022-reading-challenge","to-read (#140), 2022-reading-challenge (#14)",to-read,,,,0,0
368916,"84, Charing Cross Road",Helene Hanff,"Hanff, Helene",,"=""""","=""""",0,4.16,Penguin Books,Paperback,106,1990,1970,,2021/07/10,"to-read, 2022-reading-challenge","to-read (#93), 2022-reading-challenge (#13)",to-read,,,,0,0
40242274,A Random Walk Down Wall Street: The Time-Tested Strategy for Successful Investing,Burton G. Malkiel,"Malkiel, Burton G.",,"=""1324002182""","=""9781324002185""",0,4.14,W. W. Norton & Company,Hardcover,432,2019,1973,,2021/11/17,"to-read, 2022-reading-challenge","to-read (#122), 2022-reading-challenge (#12)",to-read,,,,0,0
41081373,"Girl, Woman, Other",Bernardine Evaristo,"Evaristo, Bernardine",,"=""0241364906""","=""9780241364901""",0,4.27,Hamish Hamilton,Kindle Edition,453,2019,2019,,2022/01/01,"to-read, 2022-reading-challenge","to-read (#139), 2022-reading-challenge (#11)",to-read,,,,0,0
43890641,Hamnet,Maggie O'Farrell,"O'Farrell, Maggie",,"=""1472223799""","=""9781472223791""",0,4.19,Tinder Press,Hardcover,372,2020,2020,,2022/01/01,"to-read, 2022-reading-challenge","to-read (#138), 2022-reading-challenge (#10)",to-read,,,,0,0
14497,"Neverwhere (London Below, #1)",Neil Gaiman,"Gaiman, Neil",,"=""0060557818""","=""9780060557812""",0,4.16,William Morrow Paperbacks,Paperback,370,2003,1996,,2014/06/04,"to-read, 2022-reading-challenge","to-read (#6), 2022-reading-challenge (#9)",to-read,,,,0,0
27071490,Homegoing,Yaa Gyasi,"Gyasi, Yaa",,"=""""","=""""",0,4.47,Alfred A. Knopf,Hardcover,305,2016,2016,,2021/07/10,"to-read, 2022-reading-challenge","to-read (#87), 2022-reading-challenge (#8)",to-read,,,,0,0
20342617,Just Mercy,Bryan Stevenson,"Stevenson, Bryan",,"=""""","=""""",0,4.63,One World,Paperback,336,2014,2014,,2021/03/02,"to-read, 2022-reading-challenge","to-read (#63), 2022-reading-challenge (#7)",to-read,,,,0,0
13330588,Happy City: Transforming Our Lives Through Urban Design,Charles Montgomery,"Montgomery, Charles",,"=""0385669127""","=""9780385669122""",0,4.36,Doubleday Canada,Hardcover,368,2013,2012,,2021/01/18,"to-read, 2022-reading-challenge","to-read (#50), 2022-reading-challenge (#6)",to-read,,,,0,0
40538657,The Island of Sea Women,Lisa See,"See, Lisa",,"=""""","=""""",0,4.32,Scribner,Hardcover,374,2019,2019,,2021/12/28,"to-read, 2022-reading-challenge","to-read (#131), 2022-reading-challenge (#5)",to-read,,,,0,0
39858765,Walkable City Rules: 101 Steps to Making Better Places,Jeff Speck,"Speck, Jeff",,"=""1610918983""","=""9781610918985""",0,4.37,Island Press,Paperback,312,2018,2018,,2021/01/18,to-read,to-read (#51),to-read,,,,0,0
36352480,Natives: Race and Class in the Ruins of Empire,Akala,"Akala, Akala",,"=""1473661218""","=""9781473661219""",0,4.54,Two Roads ,Hardcover,352,2018,2018,,2021/07/10,"to-read, 2022-reading-challenge","to-read (#89), 2022-reading-challenge (#4)",to-read,,,,0,0
26195941,The Age of Surveillance Capitalism: The Fight for a Human Future at the New Frontier of Power,Shoshana Zuboff,"Zuboff, Shoshana",,"=""1610395697""","=""9781610395694""",0,4.06,PublicAffairs,Hardcover,691,2019,2018,,2022/01/01,"to-read, 2022-reading-challenge","to-read (#137), 2022-reading-challenge (#3)",to-read,,,,0,0
4069,Man's Search for Meaning,Viktor E. Frankl,"Frankl, Viktor E.","Harold S. Kushner, William J. Winslade, Isle Lasch","=""080701429X""","=""9780807014295""",0,4.37,Beacon Press,Paperback,165,2006,1946,,2021/06/20,"to-read, 2022-reading-challenge","to-read (#72), 2022-reading-challenge (#2)",to-read,,,,0,0
54222022,Token Economy: How the Web3 reinvents the Internet,Shermin Voshmgir,"Voshmgir, Shermin",,"=""""","=""""",0,4.14,Token Kitchen,Kindle Edition,364,2020,,,2022/01/01,"to-read, 2022-reading-challenge","to-read (#134), 2022-reading-challenge (#1)",to-read,,,,0,0
886667,"Valuation: Measuring and Managing the Value of Companies, Fourth Edition",McKinsey & Company Inc.,"Inc., McKinsey & Company","Tim Koller, Marc Goedhart, David Wessels","=""0471702188""","=""9780471702184""",0,4.29,Wiley,Hardcover,739,2005,1990,,2022/01/01,to-read,to-read (#136),to-read,,,,0,0
44526017,Narrative Economics: How Stories Go Viral and Drive Major Economic Events,Robert J. Shiller,"Shiller, Robert J.",,"=""0691182299""","=""9780691182292""",0,3.62,Princeton University Press,Hardcover,400,2019,2019,,2022/01/01,to-read,to-read (#135),to-read,,,,0,0
34051011,Pachinko,Min Jin Lee,"Lee, Min Jin",,"=""""","=""""",0,4.34,Grand Central Publishing,Kindle Edition,496,2017,2017,,2021/12/28,to-read,to-read (#133),to-read,,,,0,0
49631287,The Mountains Sing,Nguyễn Phan Quế Mai,"Mai, Nguyễn Phan Quế",,"=""161620818X""","=""9781616208189""",0,4.32,Algonquin Books,Hardcover,352,2020,2020,,2021/12/28,to-read,to-read (#132),to-read,,,,0,0
21856367,"The Innovators: How a Group of Hackers, Geniuses and Geeks Created the Digital Revolution",Walter Isaacson,"Isaacson, Walter",,"=""147670869X""","=""9781476708690""",0,4.12,Simon and Schuster,Hardcover,542,2014,2011,,2021/12/28,to-read,to-read (#130),to-read,,,,0,0
38357895,Convenience Store Woman,Sayaka Murata,"Murata, Sayaka",Ginny Tapley Takemori,"=""""","=""""",4,3.68,Portobello Books,Paperback,163,2018,2016,,2021/07/17,,,read,,,,1,0
8303977,The Sound of a Wild Snail Eating,Elisabeth Tova Bailey,"Bailey, Elisabeth Tova",,"=""1565126068""","=""9781565126060""",0,4.15,Algonquin Books,Hardcover,208,2010,2010,,2021/12/24,to-read,to-read (#129),to-read,,,,0,0
12262741,Wild: From Lost to Found on the Pacific Crest Trail,Cheryl Strayed,"Strayed, Cheryl",,"=""0307592731""","=""9780307592736""",0,4.07,Knopf,Hardcover,336,2012,2012,,2021/12/24,to-read,to-read (#128),to-read,,,,0,0
8127,"Anne of Green Gables (Anne of Green Gables, #1)",L.M. Montgomery,"Montgomery, L.M.",Jennifer Lee Carrell,"=""0451528824""","=""9780451528827""",0,4.32,Signet,Mass Market Paperback,320,2003,1908,,2021/12/24,to-read,to-read (#127),to-read,,,,0,0
1972958,"Dios, Patria y Coca Cola",Mark Pendergrast,"Pendergrast, Mark",,"=""9501513181""","=""9789501513189""",0,3.90,Javier Vergara,Paperback,535,1993,1993,,2021/12/18,to-read,to-read (#126),to-read,,,,0,0
56769521,The Annotated Arabian Nights: Tales from 1001 Nights (The Annotated Books),Yasmine Seale,"Seale, Yasmine","Paulo Lemos Horta, Omar El Akkad, Robert Irwin","=""1631493639""","=""9781631493638""",0,4.49,Liveright,Hardcover,816,2021,,,2021/11/28,to-read,to-read (#125),to-read,,,,0,0
52129515,Untamed,Glennon Doyle,"Doyle, Glennon",Glennon Doyle Melton,"=""1984801252""","=""9781984801258""",0,3.98,The Dial Press,Hardcover,333,2020,2020,,2021/11/26,to-read,to-read (#124),to-read,,,,0,0
7268380,Your Money: The Missing Manual,J.D. Roth,"Roth, J.D.",,"=""0596809409""","=""9780596809409""",0,3.75,O'Reilly Media,Paperback,334,2010,2010,,2021/11/17,to-read,to-read (#123),to-read,,,,0,0
12951631,Breaking the Habit of Being Yourself: How to Lose Your Mind and Create a New One,Joe Dispenza,"Dispenza, Joe",,"=""1401938086""","=""9781401938086""",0,4.13,Hay House Inc,Hardcover,329,2012,2012,,2021/11/01,to-read,to-read (#121),to-read,,,,0,0
28257707,The Subtle Art of Not Giving a F*ck: A Counterintuitive Approach to Living a Good Life,Mark Manson,"Manson, Mark",,"=""""","=""9798804636129""",0,3.87,Harper,Paperback,212,2016,2016,,2021/11/01,to-read,to-read (#120),to-read,,,,0,0
40591670,I Will Teach You to Be Rich: No Guilt. No Excuses. No BS. Just a 6-Week Program That Works,Ramit Sethi,"Sethi, Ramit",,"=""1523505745""","=""9781523505746""",0,4.20,Workman Publishing Company,Paperback,352,2019,2009,,2021/11/01,to-read,to-read (#119),to-read,,,,0,0
43680704,"Happiness hypothesis, the righteous mind, coddling of the american mind, you are a badass at making money 5 books collection set",Jonathan Haidt,"Haidt, Jonathan",Jen Sincero,"=""9123772387""","=""9789123772384""",0,4.13,Arrow/Penguin/Allen Lane/John Murray Learning,Paperback,0,,,,2021/11/01,to-read,to-read (#118),to-read,,,,0,0
51791252,The Vanishing Half,Brit Bennett,"Bennett, Brit",,"=""0525536299""","=""9780525536291""",4,4.13,Riverhead Books,Hardcover,343,2020,2020,,2020/12/09,,,read,,,,1,0
55334756,We Wrote In Symbols: Love and Lust By Arab Women Writers,Selma Dabbagh,"Dabbagh, Selma",,"=""086356397X""","=""9780863563973""",0,3.86,Saqi Books,Paperback,320,2021,,,2021/10/22,to-read,to-read (#117),to-read,,,,0,0
50202953,Piranesi,Susanna Clarke,"Clarke, Susanna",,"=""163557563X""","=""9781635575637""",0,4.22,Bloomsbury,Hardcover,272,2020,2020,,2021/09/25,to-read,to-read (#116),to-read,,,,0,0
29939161,Radical Candor: Be a Kickass Boss Without Losing Your Humanity,Kim Malone Scott,"Scott, Kim Malone",,"=""1250103509""","=""9781250103505""",0,4.06,St. Martin's Press,Hardcover,336,2017,2017,,2021/09/11,to-read,to-read (#115),to-read,,,,0,0
32620332,The Seven Husbands of Evelyn Hugo,Taylor Jenkins Reid,"Reid, Taylor Jenkins",,"=""1501139231""","=""9781501139239""",5,4.40,Atria Books,Hardcover,389,2017,2017,2021/08/30,2021/08/29,,,read,,,,1,0
10614,Misery,Stephen        King,"King, Stephen",,"=""0450417395""","=""9780450417399""",0,4.23,New English Library,Paperback,370,1992,1987,,2021/08/17,to-read,to-read (#114),to-read,,,,0,0
51541496,Luster,Raven Leilani,"Leilani, Raven",,"=""0374194327""","=""9780374194321""",0,3.51,"Farrar, Straus and Giroux",Hardcover,227,2020,2020,,2021/08/17,to-read,to-read (#113),to-read,,,,0,0
36586697,Queenie,Candice Carty-Williams,"Carty-Williams, Candice",,"=""""","=""""",0,3.85,Orion Publishing,Hardcover,330,2019,2019,,2021/08/17,to-read,to-read (#112),to-read,,,,0,0
44525305,The Ride of a Lifetime: Lessons Learned from 15 Years as CEO of the Walt Disney Company,Robert Iger,"Iger, Robert",Joel Lovell,"=""""","=""""",5,4.40,Random House,Hardcover,272,2019,2019,,2021/07/18,,,read,,,,1,0
4016515,Letter to My Daughter,Maya Angelou,"Angelou, Maya",,"=""1400066123""","=""9781400066124""",0,4.09,Random House,Hardcover,192,2008,1987,,2021/07/18,to-read,to-read (#111),to-read,,,,0,0
13214,"I Know Why the Caged Bird Sings (Maya Angelou's Autobiography, #1)",Maya Angelou,"Angelou, Maya",,"=""0553279378""","=""9780553279375""",0,4.30,Bantam Books,Paperback,289,1993,1969,,2021/07/18,to-read,to-read (#110),to-read,,,,0,0
6882,Papillon,Henri Charrière,"Charrière, Henri",,"=""0061120669""","=""9780061120664""",0,4.23,William Morrow Paperbacks,Paperback,544,2006,1969,,2021/07/18,to-read,to-read (#109),to-read,,,,0,0
37435,The Secret Life of Bees,Sue Monk Kidd,"Kidd, Sue Monk",,"=""0142001740""","=""9780142001745""",0,4.10,Penguin Books,Paperback,302,2003,2001,,2021/07/18,to-read,to-read (#108),to-read,,,,0,0
3181564,The Housekeeper and the Professor,Yōko Ogawa,"Ogawa, Yōko",Stephen    Snyder,"=""0312427808""","=""9780312427801""",0,4.05,Picador,Paperback,180,2009,2003,,2021/07/18,to-read,to-read (#107),to-read,,,,0,0
16143347,We Were Liars,E. Lockhart,"Lockhart, E.",,"=""0385741278""","=""9780385741279""",0,3.66,Delacorte Press,Paperback,320,2018,2014,,2021/07/17,to-read,to-read (#106),to-read,,,,0,0
53107594,We Are All Birds of Uganda,Hafsa Zayyan,"Zayyan, Hafsa",,"=""1529118646""","=""9781529118643""",0,4.02,Merky Books,Hardcover,400,2021,2021,,2021/07/17,to-read,to-read (#105),to-read,,,,0,0
44421460,"Before the Coffee Gets Cold (Before the Coffee Gets Cold, #1)",Toshikazu Kawaguchi,"Kawaguchi, Toshikazu",Geoffrey Trousselot,"=""1529029589""","=""9781529029581""",0,3.67,Picador,Paperback,213,2019,2015,,2021/07/17,to-read,to-read (#104),to-read,,,,0,0
50175419,Exciting Times,Naoise Dolan,"Dolan, Naoise",,"=""0062968742""","=""9780062968746""",0,3.21,Ecco,Hardcover,243,2020,2020,,2021/07/17,to-read,to-read (#103),to-read,,,,0,0
50214741,The Girl with the Louding Voice,Abi Daré,"Daré, Abi",Ronke Adékoluejo,"=""1524746029""","=""9781524746025""",0,4.42,Dutton Books,Hardcover,371,2020,2020,,2021/07/17,to-read,to-read (#102),to-read,,,,0,0
42115981,Loveless,Alice Oseman,"Oseman, Alice",,"=""000824412X""","=""9780008244125""",0,4.18,HarperCollins Children’s Books,Paperback,433,2020,2020,,2021/07/17,to-read,to-read (#101),to-read,,,,0,0
55711688,The Other Black Girl,Zakiya Dalila Harris,"Harris, Zakiya Dalila",,"=""1982160136""","=""9781982160135""",0,3.35,Atria Books,Hardcover,357,2021,2021,,2021/07/17,to-read,to-read (#100),to-read,,,,0,0
52741293,Shuggie Bain,Douglas   Stuart,"Stuart, Douglas",,"=""0802148042""","=""9780802148049""",0,4.30,Grove Press,Hardcover,430,2020,2020,,2021/07/17,to-read,to-read (#99),to-read,,,,0,0
50253429,Rodham,Curtis Sittenfeld,"Sittenfeld, Curtis",,"=""0399590919""","=""9780399590917""",0,3.83,Random House,Hardcover,420,2020,2020,,2021/07/17,to-read,to-read (#98),to-read,,,,0,0
53733106,No One Is Talking About This,Patricia Lockwood,"Lockwood, Patricia",,"=""0593189582""","=""9780593189580""",0,3.55,Riverhead Books,Hardcover,210,2021,2021,,2021/07/17,to-read,to-read (#97),to-read,,,,0,0
18749,Half of a Yellow Sun,Chimamanda Ngozi Adichie,"Adichie, Chimamanda Ngozi",,"=""1400044162""","=""9781400044160""",0,4.34,Knopf,Hardcover,435,2006,2006,,2021/05/08,currently-reading,currently-reading (#1),currently-reading,,,,1,0
29044,The Secret History,Donna Tartt,"Tartt, Donna",,"=""1400031702""","=""9781400031702""",0,4.16,Vintage Books,Paperback,559,2004,1992,2021/07/11,2020/01/21,almost-finished,almost-finished (#1),read,,,,1,0
48734888,The First Woman,Jennifer Nansubuga Makumbi,"Makumbi, Jennifer Nansubuga",,"=""1786077884""","=""9781786077882""",0,4.15,Oneworld Publications,Hardcover,438,2020,2020,,2021/07/11,to-read,to-read (#96),to-read,,,,0,0
52612688,Wanderers: A History of Women Walking,Kerri Andrews,"Andrews, Kerri","Kathleen Jamie, Elizabeth Carter","=""178914342X""","=""9781789143423""",0,3.46,Reaktion Books,Hardcover,288,2020,2020,,2021/07/11,to-read,to-read (#95),to-read,,,,0,0
43596982,The Windrush Betrayal: Exposing the Hostile Environment,Amelia Gentleman,"Gentleman, Amelia",,"=""1783351845""","=""9781783351848""",0,4.52,Guardian Faber Publishing,Hardcover,384,2019,2019,,2021/07/10,to-read,to-read (#94),to-read,,,,0,0
40121378,Atomic Habits: An Easy & Proven Way to Build Good Habits & Break Bad Ones,James Clear,"Clear, James",,"=""""","=""""",0,4.33,Avery,Kindle Edition,319,2018,2018,,2021/07/10,to-read,to-read (#92),to-read,,,,0,0
73973,Changes: A Love Story,Ama Ata Aidoo,"Aidoo, Ama Ata",Tuzyaline Jita Allan,"=""1558610650""","=""9781558610651""",0,3.79,The Feminist Press at CUNY,Paperback,208,1993,1991,,2021/07/10,to-read,to-read (#91),to-read,,,,0,0
304079,The Essential Rumi,Jalal ad-Din Muhammad ar-Rumi,"ar-Rumi, Jalal ad-Din Muhammad","Coleman Barks, John Moyne","=""0062509594""","=""9780062509598""",0,4.39,HarperOne,Paperback,416,2004,1273,,2021/07/10,to-read,to-read (#90),to-read,,,,0,0
181345,Cinnamon Gardens,Shyam Selvadurai,"Selvadurai, Shyam",André Bernard,"=""0156013282""","=""9780156013284""",0,3.89,Mariner Books,Paperback,360,2000,1998,,2021/07/10,to-read,to-read (#88),to-read,,,,0,0
53825991,Intimations,Zadie Smith,"Smith, Zadie",,"=""059329761X""","=""9780593297612""",0,3.98,Penguin Books,Paperback,97,2020,2020,,2021/07/10,to-read,to-read (#86),to-read,,,,0,0
6334,Never Let Me Go,Kazuo Ishiguro,"Ishiguro, Kazuo",,"=""1400078776""","=""9781400078776""",0,3.85,Vintage Books ,Paperback,288,2010,2005,,2021/07/10,to-read,to-read (#85),to-read,,,,0,0
464260,The Fire Next Time,James Baldwin,"Baldwin, James",,"=""067974472X""","=""9780679744726""",0,4.55,Vintage,Paperback,106,1992,1963,,2021/07/10,to-read,to-read (#84),to-read,,,,0,0
15706279,A Streetcar Named Desire,Tennessee Williams,"Williams, Tennessee",,"=""""","=""""",0,3.98,PENGUIN BOOKS LTD,Paperback,320,1989,1947,,2021/07/10,to-read,to-read (#83),to-read,,,,0,0
6969,Emma,Jane Austen,"Austen, Jane",Fiona Stafford,"=""0141439580""","=""9780141439587""",0,4.05,Penguin Books,Paperback,474,2003,1815,,2021/07/10,to-read,to-read (#82),to-read,,,,0,0
41057294,Normal People,Sally Rooney,"Rooney, Sally",,"=""1984822179""","=""9781984822178""",0,3.81,Crown,Hardcover,273,2019,2018,,2021/07/10,to-read,to-read (#81),to-read,,,,0,0
126587,Manhattan Transfer,John Dos Passos,"Passos, John Dos",,"=""0618381864""","=""9780618381869""",0,3.64,Mariner Books Classics,Paperback,342,2003,1925,,2021/07/10,to-read,to-read (#80),to-read,,,,0,0
7624,Lord of the Flies,William Golding,"Golding, William",,"=""0140283331""","=""9780140283334""",0,3.70,Penguin Books ,Paperback,182,1999,1954,,2021/07/10,to-read,to-read (#79),to-read,,,,0,0
6192,Disgrace,J.M. Coetzee,"Coetzee, J.M.",,"=""0143036378""","=""9780143036371""",0,3.86,Penguin Books,Paperback,220,2005,1999,,2021/07/10,to-read,to-read (#78),to-read,,,,0,0
33621427,Home Fire,Kamila Shamsie,"Shamsie, Kamila",,"=""0735217688""","=""9780735217683""",0,4.02,Riverhead Books,Hardcover,276,2017,2017,,2021/07/10,to-read,to-read (#77),to-read,,,,0,0
4950,The Hungry Tide,Amitav Ghosh,"Ghosh, Amitav",,"=""061871166X""","=""9780618711666""",0,3.99,Harper Perennial,Paperback,333,2006,2004,,2021/07/10,to-read,to-read (#76),to-read,,,,0,0
21400742,Outline,Rachel Cusk,"Cusk, Rachel",,"=""0571233627""","=""9780571233625""",0,3.67,Faber & Faber,Hardcover,249,2014,2014,,2021/07/10,to-read,to-read (#75),to-read,,,,0,0
94318,Awareness: The Perils and Opportunities of Reality,Anthony de Mello,"Mello, Anthony de",J. Francis Stroud,"=""0385249373""","=""9780385249379""",0,4.29,Image,Paperback,184,1992,1990,,2021/06/20,to-read,to-read (#74),to-read,,,,0,0
48711165,Yes to Life: In Spite of Everything,Viktor E. Frankl,"Frankl, Viktor E.",,"=""080700555X""","=""9780807005552""",0,4.17,Beacon Press,Hardcover,136,2020,1946,,2021/06/20,to-read,to-read (#73),to-read,,,,0,0
46205669,"Recapture the Rapture: Rethinking God, Sex, and Death in a World That's Lost its Mind",Jamie Wheal,"Wheal, Jamie",,"=""006290549X""","=""9780062905499""",0,3.98,Harper,Kindle Edition,399,2021,,,2021/06/20,to-read,to-read (#71),to-read,,,,0,0
9434444,Lo que me queda por vivir,Elvira Lindo,"Lindo, Elvira",,"=""8432212946""","=""9788432212949""",0,3.55,Seix Barral,,272,2010,2010,,2021/06/09,to-read,to-read (#70),to-read,,,,0,0
11023952,Los enamoramientos,Javier Marías,"Marías, Javier",,"=""8420407135""","=""9788420407135""",0,3.56,Alfaguara,Paperback,401,2011,2011,,2021/06/09,to-read,to-read (#69),to-read,,,,0,0
6088007,"Neuromancer (Sprawl, #1)",William Gibson,"Gibson, William",,"=""""","=""""",0,3.89,Ace,Kindle Edition,288,2007,1984,,2021/05/29,to-read,to-read (#68),to-read,,,,0,0
44776411,The Hidden Half: How the World Conceals its Secrets,Michael Blastland,"Blastland, Michael",,"=""""","=""""",0,3.68,Atlantic Books,ebook,307,2019,2019,,2021/05/29,to-read,to-read (#67),to-read,,,,0,0
21535310,The Fall of the Ottomans: The Great War in the Middle East,Eugene Rogan,"Rogan, Eugene",,"=""046502307X""","=""9780465023073""",0,4.17,Basic Books,Hardcover,512,2015,2015,,2021/05/05,to-read,to-read (#66),to-read,,,,0,0
38447,"The Handmaid’s Tale (The Handmaid's Tale, #1)",Margaret Atwood,"Atwood, Margaret",,"=""038549081X""","=""9780385490818""",0,4.15,Anchor Books,Paperback,311,1998,1985,,2021/05/04,to-read,to-read (#65),to-read,,,,0,0
15014,Crucial Conversations: Tools for Talking When Stakes are High,Kerry Patterson,"Patterson, Kerry","Stephen R. Covey, Joseph Grenny, Ron McMillan, Al Switzler","=""0071401946""","=""9780071401944""",0,4.07,McGraw-Hill,Paperback,240,2002,2002,,2021/03/04,to-read,to-read (#64),to-read,,,,0,0
1845,Into the Wild,Jon Krakauer,"Krakauer, Jon",,"=""0385486804""","=""9780385486804""",0,4.02,Anchor Books,Paperback,207,1997,1996,,2021/03/02,to-read,to-read (#62),to-read,,,,0,0
44767458,"Dune (Dune, #1)",Frank Herbert,"Herbert, Frank",,"=""059309932X""","=""9780593099322""",0,4.28,Ace,Hardcover,658,2019,1965,,2021/03/02,to-read,to-read (#61),to-read,,,,0,0
12617,Manufacturing Consent: The Political Economy of the Mass Media,Edward S. Herman,"Herman, Edward S.",Noam Chomsky,"=""0375714499""","=""9780375714498""",0,4.24,Knopf Doubleday Publishing Group,Paperback,412,2002,1988,,2021/03/02,to-read,to-read (#60),to-read,,,,0,0
21343,The Five Dysfunctions of a Team,Patrick Lencioni,"Lencioni, Patrick",,"=""0787960756""","=""9780787960759""",0,4.11,FisicalBook,Paperback,228,2011,2002,,2021/03/02,to-read,to-read (#59),to-read,,,,0,0
16130826,Content Strategy for Mobile,Karen Mcgrane,"Mcgrane, Karen",,"=""1937557081""","=""9781937557089""",0,4.01,A Book Apart,Paperback,165,2012,2012,,2021/02/23,to-read,to-read (#58),to-read,,,,0,0
44056365,Testing Business Ideas: A Field Guide for Rapid Experimentation (The Strategyzer Series Book 3),David J. Bland,"Bland, David J.",Alexander Osterwalder,"=""1119551412""","=""9781119551416""",0,4.25,Wiley,Kindle Edition,368,2019,,,2021/02/22,to-read,to-read (#57),to-read,,,,0,0
25374501,The Lean Product Playbook: How to Innovate with Minimum Viable Products and Rapid Customer Feedback,Dan  Olsen,"Olsen, Dan",,"=""""","=""""",0,4.27,Wiley,Kindle Edition,307,2015,2015,,2021/02/22,to-read,to-read (#56),to-read,,,,0,0
18736925,Capital in the Twenty First Century,Thomas Piketty,"Piketty, Thomas",Arthur Goldhammer,"=""067443000X""","=""9780674430006""",0,4.06,Belknap Press: An Imprint of Harvard University Press,Hardcover,685,2014,2013,,2014/05/23,"economics, to-read","economics (#3), to-read (#55)",to-read,,,,1,0
7184066,Fault Lines: How Hidden Fractures Still Threaten the World Economy,Raghuram G. Rajan,"Rajan, Raghuram G.",,"=""0691146837""","=""9780691146836""",0,4.11,Princeton University Press,Hardcover,260,2010,2010,,2014/05/21,"economics, to-read","economics (#2), to-read (#54)",to-read,,,,1,0
6372440,This Time Is Different: Eight Centuries of Financial Folly,Carmen M. Reinhart,"Reinhart, Carmen M.",Kenneth S. Rogoff,"=""0691142165""","=""9780691142166""",0,3.76,Princeton University Press,Hardcover,460,2009,2009,,2014/05/21,"economics, to-read","economics (#1), to-read (#53)",to-read,,,,1,0
11878168,Anything You Want,Derek Sivers,"Sivers, Derek",,"=""1936719150""","=""9781936719150""",4,4.11,,Kindle Edition,88,,2011,,2021/02/03,,,read,,,,1,0
52578297,The Midnight Library,Matt Haig,"Haig, Matt",,"=""0525559477""","=""9780525559474""",0,3.98,Viking,Hardcover,288,2020,2020,,2020/12/09,to-read,to-read (#49),to-read,,,,0,0
51542351,The Pink Line: Journeys Across the World's Queer Frontiers,Mark Gevisser,"Gevisser, Mark",,"=""0374279969""","=""9780374279967""",0,4.27,"Farrar, Straus and Giroux",Hardcover,544,2020,2020,,2020/12/01,to-read,to-read (#48),to-read,,,,0,0
62022,The Queen's Gambit,Walter Tevis,"Tevis, Walter",,"=""1400030609""","=""9781400030606""",0,4.18,Vintage,Paperback,258,2003,1983,,2020/11/26,to-read,to-read (#47),to-read,,,,0,0
6469165,What Alice Forgot,Liane Moriarty,"Moriarty, Liane",,"=""0141043768""","=""9780141043760""",0,4.07,Penguin Books,Paperback,487,2018,2010,,2020/11/21,to-read,to-read (#46),to-read,,,,0,0
35412372,Freshwater,Akwaeke Emezi,"Emezi, Akwaeke",,"=""0802127355""","=""9780802127358""",0,4.01,Grove Press,Hardcover,229,2018,2018,,2020/09/18,to-read,to-read (#45),to-read,,,,0,0
48595550,The Death of Vivek Oji,Akwaeke Emezi,"Emezi, Akwaeke",,"=""0525541608""","=""9780525541608""",0,4.12,Riverhead Books,Hardcover,248,2020,2020,,2020/09/18,to-read,to-read (#44),to-read,,,,0,0
28209634,Autonomous,Annalee Newitz,"Newitz, Annalee",,"=""0765392070""","=""9780765392077""",0,3.58,Tor Books,Hardcover,303,2017,2017,,2020/08/02,to-read,to-read (#43),to-read,,,,0,0
6335913,Against Interpretation and Other Essays,Susan Sontag,"Sontag, Susan",,"=""014119006X""","=""9780141190068""",0,4.14,Penguin Classics,Paperback,312,2009,1966,,2020/08/01,to-read,to-read (#42),to-read,,,,0,0
41032477,Never Let Me Go,J.J. McAvoy,"McAvoy, J.J.",,"=""1641970545""","=""9781641970549""",0,3.33,NYLA,Kindle Edition,244,2018,2018,,2020/07/13,to-read,to-read (#41),to-read,,,,0,0
4452161,"In Pursuit of the Common Good: Twenty-Five Years of Improving the World, One Bottle of Salad Dressing at a Time",Paul   Newman,"Newman, Paul",A.E. Hotchner,"=""0767929977""","=""9780767929974""",0,4.03,Crown,Paperback,272,2008,2008,,2020/06/25,to-read,to-read (#40),to-read,,,,0,0
10357575,"1Q84 (1Q84, #1-3)",Haruki Murakami,"Murakami, Haruki","Jay Rubin, Philip Gabriel","=""0307593312""","=""9780307593313""",0,3.95,Knopf,Hardcover,944,2011,2009,,2020/06/11,to-read,to-read (#39),to-read,,,,0,0
1169674,Conscious Business: How to Build Value Through Values,Fred Kofman,"Kofman, Fred",,"=""1591795176""","=""9781591795179""",0,4.03,Sounds True,Hardcover,325,2006,2005,,2020/04/26,to-read,to-read (#38),to-read,,,,0,0
641604,Purple Cow: Transform Your Business by Being Remarkable,Seth Godin,"Godin, Seth",,"=""159184021X""","=""9781591840213""",0,3.78,Portfolio,Hardcover,145,2003,,,2020/03/30,to-read,to-read (#37),to-read,,,,0,0
759945,The Magic of Thinking Big,David J. Schwartz,"Schwartz, David J.",,"=""0671646788""","=""9780671646783""",0,4.26,Touchstone,Paperback,238,1987,1959,,2020/03/30,to-read,to-read (#36),to-read,,,,0,0
13589182,Mastery,Robert Greene,"Greene, Robert",,"=""0670024961""","=""9780670024964""",0,4.26,Viking,Hardcover,318,2012,2012,,2020/03/30,to-read,to-read (#35),to-read,,,,0,0
2621927,Scientific Advertising,Claude C. Hopkins,"Hopkins, Claude C.",,"=""1599869160""","=""9781599869162""",0,4.07,Fq Classics,Paperback,104,2007,1923,,2020/03/30,to-read,to-read (#34),to-read,,,,0,0
2862482,Unleashing the Idea Virus,Seth Godin,"Godin, Seth",,"=""0743504224""","=""9780743504225""",0,3.93,Simon & Schuster Audio,Audio Cassette,0,2001,2000,,2020/03/30,to-read,to-read (#33),to-read,,,,0,0
79690,Why You Act the Way You Do,Tim LaHaye,"LaHaye, Tim",,"=""0842382127""","=""9780842382120""",0,3.99,Tyndale Momentum,Mass Market Paperback,336,1988,1987,,2020/03/30,to-read,to-read (#32),to-read,,,,0,0
20613671,Economics: The User's Guide,Ha-Joon Chang,"Chang, Ha-Joon",,"=""1620408120""","=""9781620408124""",0,4.16,Bloomsbury Publishing,Hardcover,384,2014,2014,,2019/06/17,to-read,to-read (#31),to-read,,,,0,0
25135194,"Prisoners of Geography: Ten Maps That Tell You Everything You Need to Know About Global Politics (Politics of Place, #1)",Tim  Marshall,"Marshall, Tim",,"=""1783961414""","=""9781783961412""",0,4.19,Elliott & Thompson,Hardcover,256,2015,2015,,2019/06/17,to-read,to-read (#30),to-read,,,,0,0
9516,"Persepolis: The Story of a Childhood (Persepolis, #1)",Marjane Satrapi,"Satrapi, Marjane",Mattias Ripa,"=""037571457X""","=""9780375714573""",0,4.27,Pantheon,Paperback,153,2004,2003,,2019/05/15,to-read,to-read (#29),to-read,,,,0,0
252124,The Man Who Ate Everything,Jeffrey Steingarten,"Steingarten, Jeffrey",,"=""0375702024""","=""9780375702020""",0,3.88,Vintage,Paperback,528,1998,1997,,2019/05/11,to-read,to-read (#28),to-read,,,,0,0
13593553,To Sell is Human: The Surprising Truth About Moving Others,Daniel H. Pink,"Pink, Daniel H.",,"=""1594487154""","=""9781594487156""",0,3.88,Riverhead Books,Hardcover,272,2012,2012,,2019/04/01,to-read,to-read (#27),to-read,,,,0,0
69242,Made to Stick: Why Some Ideas Survive and Others Die,Chip Heath,"Heath, Chip",Dan Heath,"=""1400064287""","=""9781400064281""",0,3.98,Random House,Hardcover,291,2007,2006,,2019/04/01,to-read,to-read (#26),to-read,,,,0,0
567610,How to Read a Book: The Classic Guide to Intelligent Reading,Mortimer J. Adler,"Adler, Mortimer J.",Charles van Doren,"=""""","=""""",0,3.98,"Simon & Schuster, Inc",Paperback,442,1972,1940,,2019/04/01,to-read,to-read (#25),to-read,,,,0,0
6832714,"El cielo es azul, la tierra blanca",Hiromi Kawakami,"Kawakami, Hiromi",Marina Bornas Montaña,"=""8492649143""","=""9788492649143""",0,3.69,Acantilado,Paperback,214,2009,2001,,2019/01/31,to-read,to-read (#24),to-read,,,,0,0
208631,Ocean Sea,Alessandro Baricco,"Baricco, Alessandro",Alastair McEwen,"=""0375703950""","=""9780375703959""",0,4.09,Knopf Doubleday Publishing Group,Paperback,256,2000,1993,,2019/01/31,to-read,to-read (#23),to-read,,,,0,0
61264,Silk,Alessandro Baricco,"Baricco, Alessandro",Guido Waldman,"=""0375703829""","=""9780375703829""",0,3.85,Vintage,Paperback,91,1998,1996,,2019/01/31,to-read,to-read (#22),to-read,,,,0,0
25492717,Tuesday Falling,S.  Williams,"Williams, S.",,"=""0008132755""","=""9780008132750""",0,4.10,HarperFiction - KillerReads ,Paperback,240,2015,2015,,2019/01/30,to-read,to-read (#21),to-read,,,,0,0
242472,The Black Swan: The Impact of the Highly Improbable,Nassim Nicholas Taleb,"Taleb, Nassim Nicholas",,"=""1400063515""","=""9781400063512""",0,3.96,Random House ,Hardcover,480,2007,2007,,2019/01/28,to-read,to-read (#20),to-read,,,,0,0
29794850,"El silencio de la ciudad blanca (La ciudad blanca, #1)",Eva García Sáenz de Urturi,"Urturi, Eva García Sáenz de",Eva García Sáenz,"=""""","=""""",0,4.29,Editorial Planeta,Kindle Edition,482,2016,2016,,2018/11/04,to-read,to-read (#19),to-read,,,,0,0
59106,Opus Nigrum,Marguerite Yourcenar,"Yourcenar, Marguerite",Emma Calatayud,"=""9505118678""","=""9789505118670""",0,4.02,Alfaguara,Paperback,384,2003,1968,,2018/10/12,to-read,to-read (#18),to-read,,,,0,0
17331349,Think Like a Freak,Steven D. Levitt,"Levitt, Steven D.",Stephen J. Dubner,"=""0062218360""","=""9780062218360""",4,3.86,William Morrow,Kindle Edition,293,2014,2014,,2014/05/16,,,read,,,,1,0
22756871,All Involved,Ryan Gattis,"Gattis, Ryan",,"=""0062378791""","=""9780062378798""",4,3.99,Ecco,Hardcover,384,2015,2015,2018/08/28,2018/07/13,,,read,,,,1,0
635454,Meditation Made Easy,Lorin Roche,"Roche, Lorin",,"=""006251542X""","=""9780062515421""",0,3.87,HarperOne,Paperback,208,1998,1998,,2018/08/11,to-read,to-read (#17),to-read,,,,0,0
25666050,Algorithms to Live By: The Computer Science of Human Decisions,Brian  Christian,"Christian, Brian",Tom  Griffiths,"=""1627790365""","=""9781627790369""",0,4.13,Henry Holt and Co.,Hardcover,368,2016,2016,,2018/08/07,to-read,to-read (#16),to-read,,,,0,0
4865,How to Win Friends & Influence People,Dale Carnegie,"Carnegie, Dale",,"=""""","=""""",0,4.22,Gallery Books,Paperback,288,1998,1936,,2015/01/06,to-read,to-read (#15),to-read,,,,0,0
125187,El desierto de los tártaros,Dino Buzzati,"Buzzati, Dino",Esther Benítez,"=""9873797505""","=""9789873797507""",0,4.21,Alianza Editorial,Paperback,267,2020,1940,,2018/07/13,to-read,to-read (#14),to-read,,,,0,0
1810769,Total Khéops,Jean-Claude Izzo,"Izzo, Jean-Claude",,"=""2070417204""","=""9782070417209""",0,3.84,Folio,Paperback,352,2001,1995,,2018/07/13,"detectives, to-read","detectives (#1), to-read (#13)",to-read,,,,0,0
18050143,"Zero to One: Notes on Startups, or How to Build the Future",Peter Thiel,"Thiel, Peter",Blake  Masters,"=""0804139296""","=""9780804139298""",0,4.15,Crown Currency,Hardcover,195,2014,2014,,2017/10/03,to-read,to-read (#12),to-read,,,,0,0
22571552,So You've Been Publicly Shamed,Jon Ronson,"Ronson, Jon",,"=""1594487138""","=""9781594487132""",0,3.93,Riverhead Books,Hardcover,290,2015,2015,,2017/01/06,to-read,to-read (#11),to-read,,,,0,0
7147831,"Min kamp 1 (Min kamp, #1)",Karl Ove Knausgård,"Knausgård, Karl Ove",,"=""8252574580""","=""9788252574586""",0,4.10,Forlaget Oktober,Hardcover,435,2009,2009,,2015/04/08,to-read,to-read (#10),to-read,,,,0,0
243714,Interpreter of Maladies,Jhumpa Lahiri,"Lahiri, Jhumpa",,"=""""","=""""",0,4.18,Mariner Books,Paperback,198,1999,1999,,2014/07/30,to-read,to-read (#9),to-read,,,,0,0
256566,Everything is Illuminated,Jonathan Safran Foer,"Foer, Jonathan Safran",,"=""0060529709""","=""9780060529703""",0,3.89,Harper Perennial,Paperback,276,2003,2002,,2014/07/30,to-read,to-read (#8),to-read,,,,0,0
1331653,Salmon Fishing in the Yemen,Paul Torday,"Torday, Paul",,"=""""","=""""",0,3.55,Phoenix,Paperback,329,2007,2007,,2014/07/21,to-read,to-read (#7),to-read,,,,0,0
4407,"American Gods (American Gods, #1)",Neil Gaiman,"Gaiman, Neil",,"=""""","=""""",0,4.10,Headline Review,Paperback,635,2005,2001,,2014/06/04,to-read,to-read (#5),to-read,,,,0,0
375802,"Ender’s Game (Ender's Saga, #1)",Orson Scott Card,"Card, Orson Scott",,"=""0812550706""","=""9780812550702""",0,4.31,Tor,Mass Market Paperback,324,2004,1985,,2014/06/04,to-read,to-read (#4),to-read,,,,0,0
103342,Stolen Lives: Twenty Years in a Desert Jail,Malika Oufkir,"Oufkir, Malika",Michèle Fitoussi,"=""0786886307""","=""9780786886302""",0,4.06,Hyperion Books,Paperback,294,2002,1999,,2014/03/27,to-read,to-read (#3),to-read,,,,0,0
4989833,No pienses en un elefante: Lenguaje y debate político,George Lakoff,"Lakoff, George",Magdalena Mora Mallo,"=""8474918138""","=""9788474918137""",0,3.97,Editorial Complutense,Paperback,176,2007,2004,,2014/03/27,to-read,to-read (#2),to-read,,,,0,0
664652,Ladies And Gentlemen Of The Jury: Greatest Closing Arguments In Modern Law,Michael S. Lief,"Lief, Michael S.","Ben Bycel, H. Mitchell Caldwell","=""0684859483""","=""9780684859484""",0,3.88,Scribner,Paperback,400,2000,1998,,2014/03/27,to-read,to-read (#1),to-read,,,,0,0
